script_path,domain,layer_bucket,current_status,current_uc_id,proposed_uc_id,action,note
app/hoc/cus/__init__.py,__init__.py,OTHER,NON_UC_SUPPORT,,NON_UC_SUPPORT,RECLASSIFY_NON_UC_SUPPORT,package init
app/hoc/cus/account/L5_engines/__init__.py,account,L5_ENGINE,NON_UC_SUPPORT,,NON_UC_SUPPORT,KEEP_NON_UC_SUPPORT,support script
app/hoc/cus/account/L5_engines/accounts_facade.py,account,L5_ENGINE,UC_LINKED,UC-002,UC-002,KEEP_EXISTING_UC,already linked
app/hoc/cus/account/L5_engines/billing_provider_engine.py,account,L5_ENGINE,NON_UC_SUPPORT,,NON_UC_SUPPORT,KEEP_NON_UC_SUPPORT,support script
app/hoc/cus/account/L5_engines/memory_pins_engine.py,account,L5_ENGINE,UC_LINKED,UC-002,UC-002,KEEP_EXISTING_UC,already linked
app/hoc/cus/account/L5_engines/notifications_facade.py,account,L5_ENGINE,UC_LINKED,UC-002,UC-002,KEEP_EXISTING_UC,already linked
app/hoc/cus/account/L5_engines/onboarding_engine.py,account,L5_ENGINE,UC_LINKED,UC-002,UC-002,KEEP_EXISTING_UC,already linked
app/hoc/cus/account/L5_engines/tenant_engine.py,account,L5_ENGINE,UC_LINKED,UC-002,UC-002,KEEP_EXISTING_UC,already linked
app/hoc/cus/account/L5_engines/tenant_lifecycle_engine.py,account,L5_ENGINE,UC_LINKED,UC-002,UC-002,KEEP_EXISTING_UC,already linked
app/hoc/cus/account/L5_schemas/__init__.py,account,L5_SCHEMA,NON_UC_SUPPORT,,NON_UC_SUPPORT,KEEP_NON_UC_SUPPORT,support script
app/hoc/cus/account/L5_schemas/crm_validator_types.py,account,L5_SCHEMA,NON_UC_SUPPORT,,NON_UC_SUPPORT,KEEP_NON_UC_SUPPORT,support script
app/hoc/cus/account/L5_schemas/lifecycle_dtos.py,account,L5_SCHEMA,NON_UC_SUPPORT,,NON_UC_SUPPORT,KEEP_NON_UC_SUPPORT,support script
app/hoc/cus/account/L5_schemas/onboarding_dtos.py,account,L5_SCHEMA,NON_UC_SUPPORT,,NON_UC_SUPPORT,KEEP_NON_UC_SUPPORT,support script
app/hoc/cus/account/L5_schemas/onboarding_state.py,account,L5_SCHEMA,NON_UC_SUPPORT,,NON_UC_SUPPORT,KEEP_NON_UC_SUPPORT,support script
app/hoc/cus/account/L5_schemas/plan_quotas.py,account,L5_SCHEMA,NON_UC_SUPPORT,,NON_UC_SUPPORT,KEEP_NON_UC_SUPPORT,support script
app/hoc/cus/account/L5_schemas/result_types.py,account,L5_SCHEMA,NON_UC_SUPPORT,,NON_UC_SUPPORT,KEEP_NON_UC_SUPPORT,support script
app/hoc/cus/account/L5_schemas/sdk_attestation.py,account,L5_SCHEMA,NON_UC_SUPPORT,,NON_UC_SUPPORT,KEEP_NON_UC_SUPPORT,support script
app/hoc/cus/account/L5_schemas/tenant_lifecycle_enums.py,account,L5_SCHEMA,NON_UC_SUPPORT,,NON_UC_SUPPORT,KEEP_NON_UC_SUPPORT,support script
app/hoc/cus/account/L5_schemas/tenant_lifecycle_state.py,account,L5_SCHEMA,NON_UC_SUPPORT,,NON_UC_SUPPORT,KEEP_NON_UC_SUPPORT,support script
app/hoc/cus/account/L6_drivers/__init__.py,account,L6_DRIVER,NON_UC_SUPPORT,,NON_UC_SUPPORT,KEEP_NON_UC_SUPPORT,support script
app/hoc/cus/account/L6_drivers/accounts_facade_driver.py,account,L6_DRIVER,UC_LINKED,UC-002,UC-002,KEEP_EXISTING_UC,already linked
app/hoc/cus/account/L6_drivers/memory_pins_driver.py,account,L6_DRIVER,UC_LINKED,UC-002,UC-002,KEEP_EXISTING_UC,already linked
app/hoc/cus/account/L6_drivers/onboarding_driver.py,account,L6_DRIVER,UC_LINKED,UC-002,UC-002,KEEP_EXISTING_UC,already linked
app/hoc/cus/account/L6_drivers/sdk_attestation_driver.py,account,L6_DRIVER,UC_LINKED,UC-002,UC-002,KEEP_EXISTING_UC,already linked
app/hoc/cus/account/L6_drivers/tenant_driver.py,account,L6_DRIVER,UC_LINKED,UC-002,UC-002,KEEP_EXISTING_UC,already linked
app/hoc/cus/account/L6_drivers/tenant_lifecycle_driver.py,account,L6_DRIVER,UC_LINKED,UC-002,UC-002,KEEP_EXISTING_UC,already linked
app/hoc/cus/account/L6_drivers/user_write_driver.py,account,L6_DRIVER,UC_LINKED,UC-002,UC-002,KEEP_EXISTING_UC,already linked
app/hoc/cus/account/__init__.py,account,OTHER,NON_UC_SUPPORT,,NON_UC_SUPPORT,RECLASSIFY_NON_UC_SUPPORT,package init
app/hoc/cus/account/auth/L5_engines/__init__.py,account,L5_ENGINE,NON_UC_SUPPORT,,NON_UC_SUPPORT,KEEP_NON_UC_SUPPORT,support script
app/hoc/cus/account/auth/L5_engines/identity_adapter.py,account,L5_ENGINE,NON_UC_SUPPORT,,NON_UC_SUPPORT,KEEP_NON_UC_SUPPORT,support script
app/hoc/cus/account/auth/L5_engines/invocation_safety.py,account,L5_ENGINE,NON_UC_SUPPORT,,NON_UC_SUPPORT,KEEP_NON_UC_SUPPORT,support script
app/hoc/cus/account/auth/L5_engines/rbac_engine.py,account,L5_ENGINE,NON_UC_SUPPORT,,NON_UC_SUPPORT,KEEP_NON_UC_SUPPORT,support script
app/hoc/cus/account/auth/L6_drivers/__init__.py,account,L6_DRIVER,NON_UC_SUPPORT,,NON_UC_SUPPORT,KEEP_NON_UC_SUPPORT,support script
app/hoc/cus/account/auth/__init__.py,account,OTHER,NON_UC_SUPPORT,,NON_UC_SUPPORT,RECLASSIFY_NON_UC_SUPPORT,package init
app/hoc/cus/account/logs/CRM/__init__.py,account,OTHER,NON_UC_SUPPORT,,NON_UC_SUPPORT,RECLASSIFY_NON_UC_SUPPORT,package init
app/hoc/cus/account/logs/CRM/audit/__init__.py,account,OTHER,NON_UC_SUPPORT,,NON_UC_SUPPORT,RECLASSIFY_NON_UC_SUPPORT,package init
app/hoc/cus/account/logs/CRM/audit/audit_engine.py,account,OTHER,UC_LINKED,UC-040,UC-040,KEEP_EXISTING_UC,account CRM audit trail lifecycle
app/hoc/cus/account/logs/__init__.py,account,OTHER,NON_UC_SUPPORT,,NON_UC_SUPPORT,RECLASSIFY_NON_UC_SUPPORT,package init
app/hoc/cus/activity/L5_engines/__init__.py,activity,L5_ENGINE,NON_UC_SUPPORT,,NON_UC_SUPPORT,KEEP_NON_UC_SUPPORT,support script
app/hoc/cus/activity/L5_engines/activity_enums.py,activity,L5_ENGINE,NON_UC_SUPPORT,,NON_UC_SUPPORT,KEEP_NON_UC_SUPPORT,support script
app/hoc/cus/activity/L5_engines/activity_facade.py,activity,L5_ENGINE,UC_LINKED,UC-MON-01,UC-MON-01,KEEP_EXISTING_UC,already linked
app/hoc/cus/activity/L5_engines/attention_ranking.py,activity,L5_ENGINE,NON_UC_SUPPORT,,NON_UC_SUPPORT,KEEP_NON_UC_SUPPORT,support script
app/hoc/cus/activity/L5_engines/cost_analysis.py,activity,L5_ENGINE,NON_UC_SUPPORT,,NON_UC_SUPPORT,KEEP_NON_UC_SUPPORT,support script
app/hoc/cus/activity/L5_engines/cus_telemetry_engine.py,activity,L5_ENGINE,UC_LINKED,UC-MON-05,UC-MON-05,KEEP_EXISTING_UC,already linked
app/hoc/cus/activity/L5_engines/pattern_detection.py,activity,L5_ENGINE,NON_UC_SUPPORT,,NON_UC_SUPPORT,KEEP_NON_UC_SUPPORT,support script
app/hoc/cus/activity/L5_engines/signal_feedback_engine.py,activity,L5_ENGINE,UC_LINKED,UC-010,UC-010,KEEP_EXISTING_UC,backfilled existing uc
app/hoc/cus/activity/L5_engines/signal_identity.py,activity,L5_ENGINE,NON_UC_SUPPORT,,NON_UC_SUPPORT,KEEP_NON_UC_SUPPORT,support script
app/hoc/cus/activity/L5_schemas/__init__.py,activity,L5_SCHEMA,NON_UC_SUPPORT,,NON_UC_SUPPORT,KEEP_NON_UC_SUPPORT,support script
app/hoc/cus/activity/L6_drivers/__init__.py,activity,L6_DRIVER,NON_UC_SUPPORT,,NON_UC_SUPPORT,KEEP_NON_UC_SUPPORT,support script
app/hoc/cus/activity/L6_drivers/activity_read_driver.py,activity,L6_DRIVER,UC_LINKED,UC-MON-01,UC-MON-01,KEEP_EXISTING_UC,already linked
app/hoc/cus/activity/L6_drivers/cus_telemetry_driver.py,activity,L6_DRIVER,UC_LINKED,UC-MON-05,UC-MON-05,KEEP_EXISTING_UC,already linked
app/hoc/cus/activity/L6_drivers/orphan_recovery_driver.py,activity,L6_DRIVER,NON_UC_SUPPORT,,NON_UC_SUPPORT,KEEP_NON_UC_SUPPORT,support script
app/hoc/cus/activity/L6_drivers/run_metrics_driver.py,activity,L6_DRIVER,NON_UC_SUPPORT,,NON_UC_SUPPORT,KEEP_NON_UC_SUPPORT,support script
app/hoc/cus/activity/L6_drivers/run_signal_driver.py,activity,L6_DRIVER,NON_UC_SUPPORT,,NON_UC_SUPPORT,KEEP_NON_UC_SUPPORT,support script
app/hoc/cus/activity/L6_drivers/signal_feedback_driver.py,activity,L6_DRIVER,UC_LINKED,UC-010,UC-010,KEEP_EXISTING_UC,backfilled existing uc
app/hoc/cus/activity/__init__.py,activity,OTHER,NON_UC_SUPPORT,,NON_UC_SUPPORT,RECLASSIFY_NON_UC_SUPPORT,package init
app/hoc/cus/activity/adapters/__init__.py,activity,ADAPTER,NON_UC_SUPPORT,,NON_UC_SUPPORT,KEEP_NON_UC_SUPPORT,support script
app/hoc/cus/activity/adapters/customer_activity_adapter.py,activity,ADAPTER,UC_LINKED,UC-MON-01,UC-MON-01,KEEP_EXISTING_UC,already linked
app/hoc/cus/activity/adapters/workers_adapter.py,activity,ADAPTER,NON_UC_SUPPORT,,NON_UC_SUPPORT,KEEP_NON_UC_SUPPORT,support script
app/hoc/cus/agent/L6_drivers/__init__.py,agent,L6_DRIVER,NON_UC_SUPPORT,,NON_UC_SUPPORT,KEEP_NON_UC_SUPPORT,support script
app/hoc/cus/agent/L6_drivers/discovery_stats_driver.py,agent,L6_DRIVER,NON_UC_SUPPORT,,NON_UC_SUPPORT,KEEP_NON_UC_SUPPORT,support script
app/hoc/cus/agent/L6_drivers/platform_driver.py,agent,L6_DRIVER,NON_UC_SUPPORT,,NON_UC_SUPPORT,KEEP_NON_UC_SUPPORT,support script
app/hoc/cus/agent/L6_drivers/routing_driver.py,agent,L6_DRIVER,NON_UC_SUPPORT,,NON_UC_SUPPORT,KEEP_NON_UC_SUPPORT,support script
app/hoc/cus/agent/__init__.py,agent,OTHER,NON_UC_SUPPORT,,NON_UC_SUPPORT,RECLASSIFY_NON_UC_SUPPORT,package init
app/hoc/cus/analytics/L5_engines/__init__.py,analytics,L5_ENGINE,NON_UC_SUPPORT,,NON_UC_SUPPORT,KEEP_NON_UC_SUPPORT,support script
app/hoc/cus/analytics/L5_engines/analytics_facade.py,analytics,L5_ENGINE,UC_LINKED,UC-024,UC-024,KEEP_EXISTING_UC,already linked
app/hoc/cus/analytics/L5_engines/canary_engine.py,analytics,L5_ENGINE,UC_LINKED,UC-027,UC-027,KEEP_EXISTING_UC,already linked
app/hoc/cus/analytics/L5_engines/config_engine.py,analytics,L5_ENGINE,NON_UC_SUPPORT,,NON_UC_SUPPORT,KEEP_NON_UC_SUPPORT,support script
app/hoc/cus/analytics/L5_engines/cost_anomaly_detector_engine.py,analytics,L5_ENGINE,UC_LINKED,UC-024,UC-024,KEEP_EXISTING_UC,already linked
app/hoc/cus/analytics/L5_engines/cost_model.py,analytics,L5_ENGINE,NON_UC_SUPPORT,,NON_UC_SUPPORT,KEEP_NON_UC_SUPPORT,support script
app/hoc/cus/analytics/L5_engines/cost_snapshots_engine.py,analytics,L5_ENGINE,UC_LINKED,UC-027,UC-027,KEEP_EXISTING_UC,already linked
app/hoc/cus/analytics/L5_engines/cost_write.py,analytics,L5_ENGINE,UC_LINKED,UC-028,UC-028,KEEP_EXISTING_UC,already linked
app/hoc/cus/analytics/L5_engines/costsim_models.py,analytics,L5_ENGINE,NON_UC_SUPPORT,,NON_UC_SUPPORT,KEEP_NON_UC_SUPPORT,support script
app/hoc/cus/analytics/L5_engines/datasets_engine.py,analytics,L5_ENGINE,UC_LINKED,UC-026,UC-026,KEEP_EXISTING_UC,already linked
app/hoc/cus/analytics/L5_engines/detection_facade.py,analytics,L5_ENGINE,UC_LINKED,UC-024,UC-024,KEEP_EXISTING_UC,already linked
app/hoc/cus/analytics/L5_engines/divergence_engine.py,analytics,L5_ENGINE,NON_UC_SUPPORT,,NON_UC_SUPPORT,KEEP_NON_UC_SUPPORT,support script
app/hoc/cus/analytics/L5_engines/feedback_read_engine.py,analytics,L5_ENGINE,UC_LINKED,UC-MON-04,UC-MON-04,KEEP_EXISTING_UC,already linked
app/hoc/cus/analytics/L5_engines/metrics_engine.py,analytics,L5_ENGINE,NON_UC_SUPPORT,,NON_UC_SUPPORT,KEEP_NON_UC_SUPPORT,support script
app/hoc/cus/analytics/L5_engines/prediction_engine.py,analytics,L5_ENGINE,UC_LINKED,UC-025,UC-025,KEEP_EXISTING_UC,already linked
app/hoc/cus/analytics/L5_engines/prediction_read_engine.py,analytics,L5_ENGINE,UC_LINKED,UC-025,UC-025,KEEP_EXISTING_UC,already linked
app/hoc/cus/analytics/L5_engines/provenance.py,analytics,L5_ENGINE,NON_UC_SUPPORT,,NON_UC_SUPPORT,KEEP_NON_UC_SUPPORT,support script
app/hoc/cus/analytics/L5_engines/sandbox_engine.py,analytics,L5_ENGINE,UC_LINKED,UC-027,UC-027,KEEP_EXISTING_UC,already linked
app/hoc/cus/analytics/L5_engines/v2_adapter.py,analytics,L5_ENGINE,UC_LINKED,UC-027,UC-027,KEEP_EXISTING_UC,already linked
app/hoc/cus/analytics/L5_schemas/__init__.py,analytics,L5_SCHEMA,NON_UC_SUPPORT,,NON_UC_SUPPORT,KEEP_NON_UC_SUPPORT,support script
app/hoc/cus/analytics/L5_schemas/cost_anomaly_dtos.py,analytics,L5_SCHEMA,NON_UC_SUPPORT,,NON_UC_SUPPORT,KEEP_NON_UC_SUPPORT,support script
app/hoc/cus/analytics/L5_schemas/cost_anomaly_schemas.py,analytics,L5_SCHEMA,NON_UC_SUPPORT,,NON_UC_SUPPORT,KEEP_NON_UC_SUPPORT,support script
app/hoc/cus/analytics/L5_schemas/cost_snapshot_schemas.py,analytics,L5_SCHEMA,NON_UC_SUPPORT,,NON_UC_SUPPORT,KEEP_NON_UC_SUPPORT,support script
app/hoc/cus/analytics/L5_schemas/feedback_schemas.py,analytics,L5_SCHEMA,NON_UC_SUPPORT,,NON_UC_SUPPORT,KEEP_NON_UC_SUPPORT,support script
app/hoc/cus/analytics/L5_schemas/query_types.py,analytics,L5_SCHEMA,NON_UC_SUPPORT,,NON_UC_SUPPORT,KEEP_NON_UC_SUPPORT,support script
app/hoc/cus/analytics/L6_drivers/__init__.py,analytics,L6_DRIVER,NON_UC_SUPPORT,,NON_UC_SUPPORT,KEEP_NON_UC_SUPPORT,support script
app/hoc/cus/analytics/L6_drivers/analytics_artifacts_driver.py,analytics,L6_DRIVER,UC_LINKED,UC-016,UC-016,KEEP_EXISTING_UC,backfilled existing uc
app/hoc/cus/analytics/L6_drivers/analytics_read_driver.py,analytics,L6_DRIVER,UC_LINKED,UC-024,UC-024,KEEP_EXISTING_UC,already linked
app/hoc/cus/analytics/L6_drivers/canary_report_driver.py,analytics,L6_DRIVER,UC_LINKED,UC-027,UC-027,KEEP_EXISTING_UC,already linked
app/hoc/cus/analytics/L6_drivers/coordination_audit_driver.py,analytics,L6_DRIVER,NON_UC_SUPPORT,,NON_UC_SUPPORT,KEEP_NON_UC_SUPPORT,support script
app/hoc/cus/analytics/L6_drivers/cost_anomaly_driver.py,analytics,L6_DRIVER,UC_LINKED,UC-024,UC-024,KEEP_EXISTING_UC,backfilled existing uc
app/hoc/cus/analytics/L6_drivers/cost_anomaly_read_driver.py,analytics,L6_DRIVER,UC_LINKED,UC-024,UC-024,KEEP_EXISTING_UC,already linked
app/hoc/cus/analytics/L6_drivers/cost_snapshots_driver.py,analytics,L6_DRIVER,UC_LINKED,UC-027,UC-027,KEEP_EXISTING_UC,already linked
app/hoc/cus/analytics/L6_drivers/cost_write_driver.py,analytics,L6_DRIVER,UC_LINKED,UC-028,UC-028,KEEP_EXISTING_UC,backfilled existing uc
app/hoc/cus/analytics/L6_drivers/feedback_read_driver.py,analytics,L6_DRIVER,UC_LINKED,UC-MON-04,UC-MON-04,KEEP_EXISTING_UC,already linked
app/hoc/cus/analytics/L6_drivers/leader_driver.py,analytics,L6_DRIVER,NON_UC_SUPPORT,,NON_UC_SUPPORT,KEEP_NON_UC_SUPPORT,support script
app/hoc/cus/analytics/L6_drivers/pattern_detection_driver.py,analytics,L6_DRIVER,NON_UC_SUPPORT,,NON_UC_SUPPORT,KEEP_NON_UC_SUPPORT,support script
app/hoc/cus/analytics/L6_drivers/prediction_driver.py,analytics,L6_DRIVER,UC_LINKED,UC-025,UC-025,KEEP_EXISTING_UC,backfilled existing uc
app/hoc/cus/analytics/L6_drivers/prediction_read_driver.py,analytics,L6_DRIVER,UC_LINKED,UC-025,UC-025,KEEP_EXISTING_UC,already linked
app/hoc/cus/analytics/L6_drivers/provenance_driver.py,analytics,L6_DRIVER,NON_UC_SUPPORT,,NON_UC_SUPPORT,KEEP_NON_UC_SUPPORT,support script
app/hoc/cus/analytics/__init__.py,analytics,OTHER,NON_UC_SUPPORT,,NON_UC_SUPPORT,RECLASSIFY_NON_UC_SUPPORT,package init
app/hoc/cus/analytics/adapters/__init__.py,analytics,ADAPTER,NON_UC_SUPPORT,,NON_UC_SUPPORT,KEEP_NON_UC_SUPPORT,support script
app/hoc/cus/api_keys/L5_engines/__init__.py,api_keys,L5_ENGINE,NON_UC_SUPPORT,,NON_UC_SUPPORT,KEEP_NON_UC_SUPPORT,support script
app/hoc/cus/api_keys/L5_engines/api_keys_facade.py,api_keys,L5_ENGINE,UC_LINKED,UC-002,UC-002,KEEP_EXISTING_UC,already linked
app/hoc/cus/api_keys/L5_engines/keys_engine.py,api_keys,L5_ENGINE,UC_LINKED,UC-002,UC-002,KEEP_EXISTING_UC,already linked
app/hoc/cus/api_keys/L5_schemas/__init__.py,api_keys,L5_SCHEMA,NON_UC_SUPPORT,,NON_UC_SUPPORT,KEEP_NON_UC_SUPPORT,support script
app/hoc/cus/api_keys/L6_drivers/__init__.py,api_keys,L6_DRIVER,NON_UC_SUPPORT,,NON_UC_SUPPORT,KEEP_NON_UC_SUPPORT,support script
app/hoc/cus/api_keys/L6_drivers/api_keys_facade_driver.py,api_keys,L6_DRIVER,UC_LINKED,UC-002,UC-002,KEEP_EXISTING_UC,already linked
app/hoc/cus/api_keys/L6_drivers/keys_driver.py,api_keys,L6_DRIVER,UC_LINKED,UC-002,UC-002,KEEP_EXISTING_UC,already linked
app/hoc/cus/api_keys/__init__.py,api_keys,OTHER,NON_UC_SUPPORT,,NON_UC_SUPPORT,RECLASSIFY_NON_UC_SUPPORT,package init
app/hoc/cus/api_keys/adapters/__init__.py,api_keys,ADAPTER,NON_UC_SUPPORT,,NON_UC_SUPPORT,KEEP_NON_UC_SUPPORT,support script
app/hoc/cus/api_keys/adapters/customer_keys_adapter.py,api_keys,ADAPTER,UC_LINKED,UC-002,UC-002,KEEP_EXISTING_UC,already linked
app/hoc/cus/apis/L6_drivers/__init__.py,apis,L6_DRIVER,NON_UC_SUPPORT,,NON_UC_SUPPORT,KEEP_NON_UC_SUPPORT,support script
app/hoc/cus/apis/L6_drivers/keys_driver.py,apis,L6_DRIVER,NON_UC_SUPPORT,,NON_UC_SUPPORT,KEEP_NON_UC_SUPPORT,support script
app/hoc/cus/controls/L5_engines/__init__.py,controls,L5_ENGINE,NON_UC_SUPPORT,,NON_UC_SUPPORT,KEEP_NON_UC_SUPPORT,support script
app/hoc/cus/controls/L5_engines/cb_sync_wrapper_engine.py,controls,L5_ENGINE,NON_UC_SUPPORT,,NON_UC_SUPPORT,KEEP_NON_UC_SUPPORT,support script
app/hoc/cus/controls/L5_engines/controls_facade.py,controls,L5_ENGINE,UC_LINKED,UC-021,UC-021,KEEP_EXISTING_UC,already linked
app/hoc/cus/controls/L5_engines/threshold_engine.py,controls,L5_ENGINE,UC_LINKED,UC-001,UC-001,KEEP_EXISTING_UC,already linked
app/hoc/cus/controls/L5_schemas/__init__.py,controls,L5_SCHEMA,NON_UC_SUPPORT,,NON_UC_SUPPORT,KEEP_NON_UC_SUPPORT,support script
app/hoc/cus/controls/L5_schemas/override_types.py,controls,L5_SCHEMA,NON_UC_SUPPORT,,NON_UC_SUPPORT,KEEP_NON_UC_SUPPORT,support script
app/hoc/cus/controls/L5_schemas/overrides.py,controls,L5_SCHEMA,NON_UC_SUPPORT,,NON_UC_SUPPORT,KEEP_NON_UC_SUPPORT,support script
app/hoc/cus/controls/L5_schemas/policy_limits.py,controls,L5_SCHEMA,NON_UC_SUPPORT,,NON_UC_SUPPORT,KEEP_NON_UC_SUPPORT,support script
app/hoc/cus/controls/L5_schemas/simulation.py,controls,L5_SCHEMA,NON_UC_SUPPORT,,NON_UC_SUPPORT,KEEP_NON_UC_SUPPORT,support script
app/hoc/cus/controls/L5_schemas/threshold_signals.py,controls,L5_SCHEMA,NON_UC_SUPPORT,,NON_UC_SUPPORT,KEEP_NON_UC_SUPPORT,support script
app/hoc/cus/controls/L6_drivers/__init__.py,controls,L6_DRIVER,NON_UC_SUPPORT,,NON_UC_SUPPORT,KEEP_NON_UC_SUPPORT,support script
app/hoc/cus/controls/L6_drivers/budget_enforcement_driver.py,controls,L6_DRIVER,NON_UC_SUPPORT,,NON_UC_SUPPORT,KEEP_NON_UC_SUPPORT,support script
app/hoc/cus/controls/L6_drivers/circuit_breaker_async_driver.py,controls,L6_DRIVER,NON_UC_SUPPORT,,NON_UC_SUPPORT,KEEP_NON_UC_SUPPORT,support script
app/hoc/cus/controls/L6_drivers/circuit_breaker_driver.py,controls,L6_DRIVER,NON_UC_SUPPORT,,NON_UC_SUPPORT,KEEP_NON_UC_SUPPORT,support script
app/hoc/cus/controls/L6_drivers/evaluation_evidence_driver.py,controls,L6_DRIVER,UC_LINKED,UC-015,UC-015,KEEP_EXISTING_UC,backfilled existing uc
app/hoc/cus/controls/L6_drivers/killswitch_ops_driver.py,controls,L6_DRIVER,NON_UC_SUPPORT,,NON_UC_SUPPORT,KEEP_NON_UC_SUPPORT,support script
app/hoc/cus/controls/L6_drivers/killswitch_read_driver.py,controls,L6_DRIVER,NON_UC_SUPPORT,,NON_UC_SUPPORT,KEEP_NON_UC_SUPPORT,support script
app/hoc/cus/controls/L6_drivers/limits_read_driver.py,controls,L6_DRIVER,UC_LINKED,UC-021,UC-021,KEEP_EXISTING_UC,backfilled existing uc
app/hoc/cus/controls/L6_drivers/override_driver.py,controls,L6_DRIVER,UC_LINKED,UC-021,UC-021,KEEP_EXISTING_UC,already linked
app/hoc/cus/controls/L6_drivers/policy_limits_driver.py,controls,L6_DRIVER,UC_LINKED,UC-021,UC-021,KEEP_EXISTING_UC,already linked
app/hoc/cus/controls/L6_drivers/scoped_execution_driver.py,controls,L6_DRIVER,UC_LINKED,UC-029,UC-029,KEEP_EXISTING_UC,already linked
app/hoc/cus/controls/L6_drivers/threshold_driver.py,controls,L6_DRIVER,UC_LINKED,UC-001,UC-001,KEEP_EXISTING_UC,already linked
app/hoc/cus/controls/__init__.py,controls,OTHER,NON_UC_SUPPORT,,NON_UC_SUPPORT,RECLASSIFY_NON_UC_SUPPORT,package init
app/hoc/cus/controls/adapters/__init__.py,controls,ADAPTER,NON_UC_SUPPORT,,NON_UC_SUPPORT,KEEP_NON_UC_SUPPORT,support script
app/hoc/cus/hoc_spine/__init__.py,hoc_spine,OTHER,NON_UC_SUPPORT,,NON_UC_SUPPORT,RECLASSIFY_NON_UC_SUPPORT,package init
app/hoc/cus/hoc_spine/auth_wiring.py,hoc_spine,OTHER,UC_LINKED,UC-033,UC-033,KEEP_EXISTING_UC,spine operation governance and contracts
app/hoc/cus/hoc_spine/authority/__init__.py,hoc_spine,AUTHORITY,NON_UC_SUPPORT,,NON_UC_SUPPORT,KEEP_NON_UC_SUPPORT,support script
app/hoc/cus/hoc_spine/authority/concurrent_runs.py,hoc_spine,AUTHORITY,NON_UC_SUPPORT,,NON_UC_SUPPORT,KEEP_NON_UC_SUPPORT,support script
app/hoc/cus/hoc_spine/authority/contracts/__init__.py,hoc_spine,AUTHORITY,NON_UC_SUPPORT,,NON_UC_SUPPORT,KEEP_NON_UC_SUPPORT,support script
app/hoc/cus/hoc_spine/authority/contracts/contract_engine.py,hoc_spine,AUTHORITY,NON_UC_SUPPORT,,NON_UC_SUPPORT,KEEP_NON_UC_SUPPORT,support script
app/hoc/cus/hoc_spine/authority/degraded_mode_checker.py,hoc_spine,AUTHORITY,NON_UC_SUPPORT,,NON_UC_SUPPORT,KEEP_NON_UC_SUPPORT,support script
app/hoc/cus/hoc_spine/authority/event_schema_contract.py,hoc_spine,AUTHORITY,UC_LINKED,UC-001,UC-001,KEEP_EXISTING_UC,backfilled existing uc
app/hoc/cus/hoc_spine/authority/gateway_policy.py,hoc_spine,AUTHORITY,NON_UC_SUPPORT,,NON_UC_SUPPORT,KEEP_NON_UC_SUPPORT,support script
app/hoc/cus/hoc_spine/authority/guard_write_engine.py,hoc_spine,AUTHORITY,NON_UC_SUPPORT,,NON_UC_SUPPORT,KEEP_NON_UC_SUPPORT,support script
app/hoc/cus/hoc_spine/authority/lifecycle_provider.py,hoc_spine,AUTHORITY,NON_UC_SUPPORT,,NON_UC_SUPPORT,KEEP_NON_UC_SUPPORT,support script
app/hoc/cus/hoc_spine/authority/onboarding_policy.py,hoc_spine,AUTHORITY,UC_LINKED,UC-002,UC-002,KEEP_EXISTING_UC,backfilled existing uc
app/hoc/cus/hoc_spine/authority/profile_policy_mode.py,hoc_spine,AUTHORITY,NON_UC_SUPPORT,,NON_UC_SUPPORT,KEEP_NON_UC_SUPPORT,support script
app/hoc/cus/hoc_spine/authority/rbac_policy.py,hoc_spine,AUTHORITY,NON_UC_SUPPORT,,NON_UC_SUPPORT,KEEP_NON_UC_SUPPORT,support script
app/hoc/cus/hoc_spine/authority/route_planes.py,hoc_spine,AUTHORITY,NON_UC_SUPPORT,,NON_UC_SUPPORT,KEEP_NON_UC_SUPPORT,support script
app/hoc/cus/hoc_spine/authority/runtime.py,hoc_spine,AUTHORITY,NON_UC_SUPPORT,,NON_UC_SUPPORT,KEEP_NON_UC_SUPPORT,support script
app/hoc/cus/hoc_spine/authority/runtime_adapter.py,hoc_spine,AUTHORITY,NON_UC_SUPPORT,,NON_UC_SUPPORT,KEEP_NON_UC_SUPPORT,support script
app/hoc/cus/hoc_spine/authority/runtime_switch.py,hoc_spine,AUTHORITY,NON_UC_SUPPORT,,NON_UC_SUPPORT,KEEP_NON_UC_SUPPORT,support script
app/hoc/cus/hoc_spine/authority/veil_policy.py,hoc_spine,AUTHORITY,NON_UC_SUPPORT,,NON_UC_SUPPORT,KEEP_NON_UC_SUPPORT,support script
app/hoc/cus/hoc_spine/consequences/__init__.py,hoc_spine,OTHER,NON_UC_SUPPORT,,NON_UC_SUPPORT,RECLASSIFY_NON_UC_SUPPORT,package init
app/hoc/cus/hoc_spine/consequences/adapters/__init__.py,hoc_spine,ADAPTER,NON_UC_SUPPORT,,NON_UC_SUPPORT,KEEP_NON_UC_SUPPORT,support script
app/hoc/cus/hoc_spine/consequences/adapters/dispatch_metrics_adapter.py,hoc_spine,ADAPTER,NON_UC_SUPPORT,,NON_UC_SUPPORT,KEEP_NON_UC_SUPPORT,support script
app/hoc/cus/hoc_spine/consequences/adapters/export_bundle_adapter.py,hoc_spine,ADAPTER,NON_UC_SUPPORT,,NON_UC_SUPPORT,KEEP_NON_UC_SUPPORT,support script
