migration_id,current_path,current_domain,current_layer,target_domain,target_layer,target_path,reason,status,hash_source,hash_target
M001,backend/app/hoc/cus/activity/L6_drivers/threshold_driver.py,activity,L6 — Domain Driver,controls,L6 — Domain Driver,backend/app/hoc/cus/controls/L6_drivers/threshold_driver.py,"Accesses Limit and LimitBreach tables which belong to controls domain. The model is from `policy_control_plane`. The qualifier is ""WHAT limits apply"" (controls), not ""WHAT ran"" (activity). Header incorrectly says ""Scope: domain (activity)"" but data is controls-owned.",MOVED,5dd0c83c8511ca14c36ced0395193332462eb48f476a08df0a6ea6e78a5b4623,
M002,backend/app/hoc/cus/account/L5_notifications/engines/channel_engine.py,account,L4 — Domain Engine (in L5_notifications/engines/ path),integrations,L4 — Domain Engine (in L5_notifications/engines/ path),backend/app/hoc/cus/integrations/L5_notifications/engines/channel_engine.py,"Manages external system connections (Slack, PagerDuty, Teams, webhooks). Tests connectivity. Handles delivery to external channels. Matches integrations qualifier: ""webhook"", ""connector"", ""integration config"". Cross-domain callers (incidents, policies) use this to connect to external systems.",MOVED,5ad5feb23fc063425ac469c7724f6b4fedcd6962fff6e987a2dfe42a1b16f246,
M003,backend/app/hoc/cus/account/L5_support/CRM/engines/audit_engine.py,account,L8 — Catalyst / Verification,logs,L8 — Catalyst / Verification,backend/app/hoc/cus/logs/L5_support/CRM/engines/audit_engine.py,"Audit engine that reads frozen evidence and produces authoritative verdicts. ""Evidence is preserved"", ""Verdicts are immutable"". Matches logs: ""audit trail"", ""evidence record"", ""proof"".",MOVED,e8b4e2ba6d0dce427814b9be882140e77cff0ab2415b026a40aa2c049302fb98,
M004,backend/app/hoc/cus/account/L5_support/CRM/engines/job_executor.py,account,L5 — Execution & Workers,general,L5 — Execution & Workers,backend/app/hoc/cus/general/L5_support/CRM/engines/job_executor.py,"System-wide execution engine. Coordinates job step execution. ""WHEN and HOW actions execute"" matches general's ""execution coordinator"", ""workflow orchestration"". Not account-specific - it's infrastructure.",MOVED,c65a1e6a7836024bdecccb5b5160a645a6ee63a9f7b289a6d0a69a2d70c4e1e8,
M005,backend/app/hoc/cus/account/L6_drivers/worker_registry_driver.py,account,L6 — Domain Driver,integrations,L6 — Domain Driver,backend/app/hoc/cus/integrations/L6_drivers/worker_registry_driver.py,"Workers are external processing units/connectors. Worker discovery = finding available integration points. WorkerRegistry/WorkerConfig = integration configuration. Matches integrations: ""connector"", ""adapter"", ""integration config"".",MOVED,370dd2968acaecfc275a35fc869dc994481c898b888f52bbd858b751ed9473d3,
M006,backend/app/hoc/cus/analytics/L5_engines/alert_worker.py,analytics,L5 — Domain Engine,general,L5 — Domain Engine,backend/app/hoc/cus/general/L5_engines/alert_worker.py,"Retry logic and execution orchestration. ""retry logic"" is explicitly in general's qualifier_phrases. The content of alerts (cost metrics) is analytics, but this worker is about delivery mechanism/orchestration.",MOVED,ed30b9e5302c419a440cf8d6caeb029e2f7f0b28ccbbdfe6d09efba05c53f94f,
M007,backend/app/hoc/cus/analytics/L5_engines/cb_sync_wrapper.py,analytics,L5 — Domain Engine,controls,L5 — Domain Engine,backend/app/hoc/cus/controls/L5_engines/cb_sync_wrapper.py,"Circuit breaker functionality. ""circuit breaker"" is explicitly in controls' qualifier_phrases. This is about system limits/safety controls, not analytics.",MOVED,2adac3c8647ac510b8041af3b52976ab5ea6ae9fef18973ccc76d9410b031fe1,
M008,backend/app/hoc/cus/analytics/L5_engines/killswitch.py,analytics,L5 — Domain Engine,controls,L5 — Domain Engine,backend/app/hoc/cus/controls/L5_engines/killswitch.py,"""killswitch"" is EXPLICITLY in controls' qualifier_phrases. Emergency stop = system limit/control.",MOVED,c230ed84958bcc7ab84b0374ae6b6d7c3302e4417af2ac90ae337775110652be,
M009,backend/app/hoc/cus/analytics/L5_engines/manager.py,analytics,L5 — Domain Engine,general,L5 — Domain Engine,backend/app/hoc/cus/general/L5_engines/manager.py,"Envelope lifecycle management = orchestration. Coordinates envelope application and rollback. Matches general: ""workflow orchestrat"", ""coordinator"".",MOVED,face0e7b37a6f74b8b722ab00a3488ecd10f67667e6c2d8c85ac63b10fd1fedf,
M010,backend/app/hoc/cus/analytics/L5_engines/s2_cost_smoothing.py,analytics,L5 — Domain Engine,controls,L5 — Domain Engine,backend/app/hoc/cus/controls/L5_engines/s2_cost_smoothing.py,"Envelope defines LIMITS on system behavior (max_concurrent_jobs). ""throttle"" in controls qualifiers. The envelope is a control mechanism, even if triggered by analytics predictions.",MOVED,de1f63809bc502c1ad42a2bf7ebc6efcf2e6fa1bf0952b99986c7a6c20e9499c,
M011,backend/app/hoc/cus/analytics/L6_drivers/alert_driver.py,analytics,L6 — Domain Driver,general,L6 — Domain Driver,backend/app/hoc/cus/general/L6_drivers/alert_driver.py,"Driver follows its engine. alert_worker → general, so alert_driver → general for consistency.",MOVED,583cb09a6b7d9475bec2ac8837ffdd92e4444aa5377f7a7886ba627ad9935a71,
M012,backend/app/hoc/cus/analytics/L6_drivers/circuit_breaker.py,analytics,L6 — Domain Driver,controls,L6 — Domain Driver,backend/app/hoc/cus/controls/L6_drivers/circuit_breaker.py,"""circuit breaker"" is EXPLICITLY in controls' qualifier_phrases. Circuit breakers are safety controls that limit system behavior when thresholds are exceeded. The fact that it creates ""incidents"" (CB incidents) is coincidental naming - these are control state records, not domain Incidents.",MOVED,03ad288bbe357fbb0c0ecec2d4f3b13ab102557d16a4a80f350b0c450c3e7cc5,
M013,backend/app/hoc/cus/analytics/L6_drivers/circuit_breaker_async.py,analytics,L6 — Domain Driver,controls,L6 — Domain Driver,backend/app/hoc/cus/controls/L6_drivers/circuit_breaker_async.py,"Same as sync version. ""circuit breaker"" is EXPLICITLY in controls' qualifier_phrases. This is the async variant of the same control mechanism.",MOVED,46b3df5ca4eaa529f4c9d52874d613907b09844f384302487ca14079ccac052d,
M014,backend/app/hoc/cus/incidents/L5_engines/channel_engine.py,incidents,L5 — Domain Engine,integrations,L5 — Domain Engine,backend/app/hoc/cus/integrations/L5_engines/channel_engine.py,"Manages external system connections (Slack, PagerDuty, Teams webhooks). The qualifier phrase ""webhook"", ""connector"", ""integration"" are explicit in integrations' qualifier_phrases. Called by multiple domains (cross-domain), not incident-specific.",MOVED,c53324baaf293a2a08f99527aa1d01fd74d83e853af28c031510171774da54cc,
M015,backend/app/hoc/cus/incidents/L5_engines/degraded_mode_checker.py,incidents,L5 — Domain Engine,general,L5 — Domain Engine,backend/app/hoc/cus/general/L5_engines/degraded_mode_checker.py,"Primary decision is ""WHEN runs can execute"" (governance enforcement). Creating incidents is a side effect, not the core decision. Matches general's qualifier_phrases: ""governance enforcement"", ""runtime enforcement"". The file decides whether to BLOCK/WARN runs based on system state — that's runtime orchestration.",MOVED,b3f610fedb710b649787074104ac94e3df66c3d900f90bb387069a2e0764e2b0,
M016,backend/app/hoc/cus/incidents/L5_engines/evidence_report.py,incidents,L5 — Domain Engine,logs,L5 — Domain Engine,backend/app/hoc/cus/logs/L5_engines/evidence_report.py,"Matches logs' qualifier_phrases: ""evidence report"", ""proof"", ""immutable record"". The file generates legal-grade evidence documents — that's audit trail domain, not incident classification. An incident is the SUBJECT of the report; the DECISION is about evidence completeness and verification. | IMPORT REPOINTED: guard.py:1837 repointed to logs.L5_engines.evidence_report",DELETE_DUPLICATE,28e06c132f52cf0b250852aacfe5f9e1fd00d04738dd362df159999c13bcf7fd,4150160b4ae6b0340eaee13379321823f9c91323733e54ed2e06f99af0161e3a
M017,backend/app/hoc/cus/incidents/L5_engines/failure_mode_handler.py,incidents,L5 — Domain Engine,policies,L5 — Domain Engine,backend/app/hoc/cus/policies/L5_engines/failure_mode_handler.py,"Called by prevention_engine.py (policy domain). The decision is ""what happens when policy evaluation fails"" — that's policy behavior, not incident classification. The file doesn't classify failures as incidents; it determines the policy engine's response to its own failures.",MOVED,6178d6f7fd3669e6237361d961e1f22267cc6a67bd8bbb90c995e252aa43f0d3,
M018,backend/app/hoc/cus/incidents/L5_engines/lessons_engine.py,incidents,L5 — Domain Engine (System Truth),policies,L5 — Domain Engine (System Truth),backend/app/hoc/cus/policies/L5_engines/lessons_engine.py,"""lesson learned"" is EXPLICITLY in policies' qualifier_phrases. Lessons are the ""memory substrate for policy evolution."" References POLICIES_DOMAIN_AUDIT.md.",MOVED,c94234ce453e00f3ff1a773f66fc2fa83a69aa0a5e06876832ee707aa29b3db2,
M019,backend/app/hoc/cus/incidents/L5_engines/mapper.py,incidents,L5 — Domain Engine,logs,L5 — Domain Engine,backend/app/hoc/cus/logs/L5_engines/mapper.py,"Maps incidents to SOC2 controls for compliance/audit purposes. Matches logs: ""evidence record"", ""proof"", ""audit"".",MOVED,696ecc2195df0e16fe46ff11682e68e2740c79249651cdb143f749edf8555a33,
M020,backend/app/hoc/cus/incidents/L5_engines/panel_invariant_monitor.py,incidents,L5 — Domain Engine,general,L5 — Domain Engine,backend/app/hoc/cus/general/L5_engines/panel_invariant_monitor.py,"Monitors system health for governance failures. ""governance enforcement"" in general's qualifier_phrases. Infrastructure monitoring, not incident classification. | Source deleted (zero callers, target is canonical)",DELETE_DUPLICATE,8c2bb2467239ea19921d862c873c3015d74ba081015a1cfb33942db8a58a09dc,457ff7476231d90cfd014fbabe0a8193cb0fbf4bae6c82e3f815898cb595b78c
M021,backend/app/hoc/cus/incidents/L5_engines/panel_verification_engine.py,incidents,L5 — Domain Engine,general,L5 — Domain Engine,backend/app/hoc/cus/general/L5_engines/panel_verification_engine.py,"Enforces system-wide determinism rules for panels. Infrastructure verification, not incident classification.",MOVED,65d6a37dca98f06c750e61b557b61938778583ca9c6ba866d9234d96e2c5b603,
M022,backend/app/hoc/cus/incidents/L5_engines/pdf_renderer.py,incidents,L5 — Domain Engine,logs,L5 — Domain Engine,backend/app/hoc/cus/logs/L5_engines/pdf_renderer.py,"Renders evidence documentation for compliance. Similar to evidence_report.py. Matches logs: ""evidence record"", ""proof"". | IMPORT REPOINTED: incidents.py:1852,1918,1984 repointed to logs.L5_engines.pdf_renderer",DELETE_DUPLICATE,f76b79bf58aa52c07e25abc4e34dc105c0c4a511dbfcdee795ec34795932449e,2d269345eb38d14b7274c90c79cb251371ae6d21bc0408a4e45be4c56876e2e9
M023,backend/app/hoc/cus/incidents/L5_engines/recovery_evaluation_engine.py,incidents,L5 — Domain Engine (System Truth),policies,L5 — Domain Engine (System Truth),backend/app/hoc/cus/policies/L5_engines/recovery_evaluation_engine.py,"Evaluates recovery RULES to make decisions. Imports RecoveryMatcher from policies domain. ""Rule evaluation"" is policy domain.",MOVED,093df4850276c2b3c7a1454dade226e70a5cbf4bf0f3321eddfd87670c08f080,
M024,backend/app/hoc/cus/incidents/L5_engines/runtime_switch.py,incidents,L5 — Domain Engine,general,L5 — Domain Engine,backend/app/hoc/cus/general/L5_engines/runtime_switch.py,"""Runtime toggle for governance enforcement"" matches general's ""runtime enforcement"" and ""governance enforcement"". System-wide runtime orchestration, not customer-configured limits. | Source deleted (zero callers, target is canonical)",DELETE_DUPLICATE,595823d192318cbaf2045c48ae3496637b579950755f8bd78d3227ec5ec6f139,fe7347961520795fabb4812b2009ce6a89f24e4a5d0d96116e75dd33fcae4a05
M025,backend/app/hoc/cus/incidents/L6_drivers/scoped_execution.py,incidents,L6 — Domain Driver,controls,L6 — Domain Driver,backend/app/hoc/cus/controls/L6_drivers/scoped_execution.py,"""cost ceiling"" matches controls' ""cost limit"". ""action limits"" matches controls' ""rate limit"". Enforces execution limits.",MOVED,01f6f705630fd319594eda537401ddbf7c8f58862c1a8cb3de3daf4179b18bd1,
M026,backend/app/hoc/cus/logs/L5_engines/alert_fatigue.py,logs,L5 — Domain Engine,controls,L5 — Domain Engine,backend/app/hoc/cus/controls/L5_engines/alert_fatigue.py,"""Rate limit"" is EXPLICITLY in controls' qualifier_phrases. Controls WHEN alerts are sent via rate limiting and deduplication.",MOVED,1c3eda6f4d1fd8363afb68d1bbf445f0c08d9fe7cabc0dd6dc1063133d89b173,
M027,backend/app/hoc/cus/logs/L5_engines/audit_durability.py,logs,L5 — Domain Engine,general,L5 — Domain Engine,backend/app/hoc/cus/general/L5_engines/audit_durability.py,"""governance enforcement"" in general's qualifier_phrases. This is governance enforcement for audit system invariants - decides WHEN operations can proceed based on durability.",MOVED,585595f6ba0699704e0b668e6ff9afd4ce5f9d20ed4a389ba5716eb5b1181d38,
M028,backend/app/hoc/cus/logs/L5_engines/monitors_facade.py,logs,L5 — Domain Engine,integrations,L5 — Domain Engine,backend/app/hoc/cus/integrations/L5_engines/monitors_facade.py,"Monitors external services (HTTP, TCP, DNS health). Matches integrations ""connector"", ""external"". Not about immutable audit records.",MOVED,e43a12a46f973d44b426ec2ac07f370e3afd7a3080da6d6e518ee59038b5aef4,
M029,backend/app/hoc/cus/logs/L5_engines/notifications_facade.py,logs,L5 — Domain Engine,integrations,L5 — Domain Engine,backend/app/hoc/cus/integrations/L5_engines/notifications_facade.py,"Delivers notifications to external channels (email, Slack, webhook, SMS). Matches integrations ""webhook"", ""external adapter"", ""connector"". Not about immutable audit records.",MOVED,04830280d5d82ea94a1b179848762d96db665d0870480b1f86cc6c4587561d58,
M030,backend/app/hoc/cus/logs/L5_engines/alerts_facade.py,logs,L5 — Domain Engine,controls,L5 — Domain Engine,backend/app/hoc/cus/controls/L5_engines/alerts_facade.py,"Manages customer-configured alert rules with thresholds and conditions. ""threshold config"" is in controls' qualifier_phrases. Alert rules define WHEN alerts fire based on limits/thresholds - that's controls domain.",MOVED,67702b18cb70180f80f11ded566e73e8f5a15c7602f3bb8ff005cb13ff90fce3,
M031,backend/app/hoc/cus/logs/L5_engines/connectors_facade.py,logs,L5 — Domain Engine,integrations,L5 — Domain Engine,backend/app/hoc/cus/integrations/L5_engines/connectors_facade.py,"""connector"" is explicitly in integrations' qualifier_phrases. Manages external HTTP, SQL, MCP connectors. Core external system connectivity. | Source deleted (zero callers, target is canonical)",DELETE_DUPLICATE,2e73497efa87cb7c0f786aca8923d3eccea773536f1ff1f3ee12d08de722e483,086505a8d6d72b1e3e2129fbc24d5b15d171b1b6982b23124c089e9015e49786
M032,backend/app/hoc/cus/logs/L5_engines/controls_facade.py,logs,L5 — Domain Engine,controls,L5 — Domain Engine,backend/app/hoc/cus/controls/L5_engines/controls_facade.py,"""killswitch"", ""circuit breaker"", ""feature flag"", ""throttle"" are ALL explicitly in controls' qualifier_phrases. This IS the controls domain facade.",MOVED,0e91b0d57e8d1acefadeaeaed4562a9525d5eea930edbba2e313d2ca1681821b,
M033,backend/app/hoc/cus/logs/L5_engines/datasources_facade.py,logs,L5 — Domain Engine,integrations,L5 — Domain Engine,backend/app/hoc/cus/integrations/L5_engines/datasources_facade.py,"Manages external data sources. Imports from `integrations.L5_schemas.datasource_model`. External system connection management = integrations. | Source deleted (zero callers, target is canonical)",DELETE_DUPLICATE,7581e0fd2fc0672c1bbad1a141c541c8d03b73c1ce02ca9ceb34d1016048ba34,48657e617f2eaee4db50ae70bbe8158297e90a191ee925a786c1200193a2824e
M034,backend/app/hoc/cus/logs/L5_engines/detection_facade.py,logs,L5 — Domain Engine,analytics,L5 — Domain Engine,backend/app/hoc/cus/analytics/L5_engines/detection_facade.py,"Anomaly detection = behavioral analysis (deriving anomalies from data patterns). ""behavioral analysis"" and ""divergence"" are in analytics' qualifier_phrases. Detection is about deriving insights, not classifying incidents. | Source deleted (zero callers, target is canonical)",DELETE_DUPLICATE,96b9881a4f5824daed4a4e8cb87b509994e426b479ca70f807c65c7e1b10912a,d4eba31369b1d327db29fa0cc50e92fbe8f94c3451319f7652de7d761cc0eb28
M035,backend/app/hoc/cus/logs/L5_engines/durability.py,logs,L5 — Domain Engine,general,L5 — Domain Engine,backend/app/hoc/cus/general/L5_engines/durability.py,"""governance enforcement"" is in general's qualifier_phrases. Enforces system-wide durability invariants before operations proceed. Same pattern as audit_durability.py.",MOVED,585595f6ba0699704e0b668e6ff9afd4ce5f9d20ed4a389ba5716eb5b1181d38,
M036,backend/app/hoc/cus/logs/L5_engines/lifecycle_facade.py,logs,L5 — Domain Engine,general/L5_engines/lifecycle/,L5 — Domain Engine,backend/app/hoc/cus/general/L5_engines/lifecycle/lifecycle_facade.py,"System-wide lifecycle management that defines canonical agent/run states. Activity domain needs to IMPORT from this to define LLM_RUN states. This is shared infrastructure, not activity-specific logic. Move to `general/L5_engines/lifecycle/lifecycle_facade.py`.",MOVED,806f4c831ca2e26548bb62b4be5fd1164e1258ba7f308393cb1a6f1e6cf64150,
M037,backend/app/hoc/cus/logs/L5_engines/retrieval_facade.py,logs,L5 — Domain Engine,general,L5 — Domain Engine,backend/app/hoc/cus/general/L5_engines/retrieval_facade.py,"Facade over RetrievalMediator which is system-wide data access governance. Provides unified access to multiple data planes with policy enforcement. Cross-domain orchestration, not logs-specific.",MOVED,65f62ba75b7c3f8e59ff239d57d0054706dba5f3fef5bcdbb535615a43a4e847,
M038,backend/app/hoc/cus/logs/L5_engines/retrieval_mediator.py,logs,L5 — Domain Engine,general,L5 — Domain Engine,backend/app/hoc/cus/general/L5_engines/retrieval_mediator.py,"Central orchestrator for data access that coordinates policies (policy check), integrations (connectors), and logs (evidence). Matches general's ""gateway control"" qualifier. System-wide data access governance, not domain-specific.",MOVED,61c3fdc52a5f5a614bb6d66bb76e688b47479140c629987955c3403bb1af5d55,
M039,backend/app/hoc/cus/logs/L5_engines/panel_slot_evaluator.py,logs,L5 — Domain Engine,general,L5 — Domain Engine,backend/app/hoc/cus/general/L5_engines/panel_slot_evaluator.py,"Panel slot evaluation is system-wide UI infrastructure. Computes system_state, attention signals for panels. Infrastructure for all domains' panels, not logs-specific.",MOVED,61933bee96a9c2f3113aba942cb2e5ae7f372e9c3df60326888be3c455ce7bc8,
M040,backend/app/hoc/cus/logs/L5_engines/scheduler_facade.py,logs,L5 — Domain Engine,general,L5 — Domain Engine,backend/app/hoc/cus/general/L5_engines/scheduler_facade.py,"Job scheduling is system-wide orchestration. Controls WHEN things execute. Matches general's ""execution order"" and ""workflow orchestrat"" patterns. Not logs-specific. | Source deleted (zero callers, target is canonical)",DELETE_DUPLICATE,36a61ff1f69add96cc4995d402086ac3dbf0f3c614d464cee28241fa62b80274,8fd355593a1a65fd7052b8bbd0132946a94c0d6c4861dc18806dcdd8ba3673a8
M041,backend/app/hoc/cus/logs/L5_engines/service.py,logs,L5 — Domain Engine,integrations,L5 — Domain Engine,backend/app/hoc/cus/integrations/L5_engines/service.py,"Credential/vault management for connectors. Callers include ConnectorRegistry. Secrets management for external connections matches integrations' ""integration config"" qualifier.",MOVED,c418f98a64a06b57fe7c291978c8ea0859c58890ca828183dd4cef167c53c19f,
M042,backend/app/hoc/cus/policies/L5_controls/drivers/killswitch_read_driver.py,policies,L6 — Driver,controls,L6 — Driver,backend/app/hoc/cus/controls/L5_controls/drivers/killswitch_read_driver.py,"""killswitch"" is EXPLICITLY in controls' qualifier_phrases. Driver",MOVED,54b0eb0ed413e34f3b134b2f11586733a8f1c87311fa5c0e3c727eb9cba3bd46,
M043,backend/app/hoc/cus/policies/L5_controls/drivers/runtime_switch.py,policies,L5 — Domain Engine,general,L5 — Domain Engine,backend/app/hoc/cus/general/L5_controls/drivers/runtime_switch.py,"""governance enforcement"" matches general's qualifier. System-wide",MOVED,aef8649ca57b0cf89f94d9b2d20e87ae05016b72a38ad90e43e6ce005ae7754f,
M044,backend/app/hoc/cus/policies/L5_controls/engines/degraded_mode_checker.py,policies,L4 — Domain Engines,general,L4 — Domain Engines,backend/app/hoc/cus/general/L5_controls/engines/degraded_mode_checker.py,Governance state management deciding WHEN actions can execute.,MOVED,36a4051797ed1e07459ca3bbe724c78f3725476a91f787ae71990f07c8142ede,
M045,backend/app/hoc/cus/policies/L5_controls/engines/customer_killswitch_read_engine.py,policies,L5 — Domain Engine,controls,L5 — Domain Engine,backend/app/hoc/cus/controls/L5_controls/engines/customer_killswitch_read_engine.py,"""killswitch"" is EXPLICITLY in controls' qualifier_phrases.",MOVED,2b3f4212bf0768e9059e1f723712dc68c59afdd30bff55ba582060e654bc6ff9,
M046,backend/app/hoc/cus/policies/L5_schemas/retry.py,policies,L6 — Platform Substrate (per header),general,L6 — Platform Substrate (per header),backend/app/hoc/cus/general/L5_schemas/retry.py,"""retry logic"" is EXPLICITLY in general's qualifier_phrases. Retry",MOVED,5b4aadb6392e53a22cc872372174d52a76f477d0007ca52f0c40f9e7541a91be,
M047,backend/app/hoc/cus/policies/L5_schemas/overrides.py,policies,L5 — Domain Schema,controls,L5 — Domain Schema,backend/app/hoc/cus/controls/L5_schemas/overrides.py,"Limit override schemas. Overrides temporarily modify LIMITS, which",MOVED,14df3849fae83efc27437f2b6b8eab89a8f96168eb689b62340db3746808c892,
M048,backend/app/hoc/cus/policies/L5_schemas/simulation.py,policies,L5 — Domain Schema,controls,L5 — Domain Schema,backend/app/hoc/cus/controls/L5_schemas/simulation.py,"Limit simulation schemas. ""rate limit"", ""budget"", ""threshold limit""",MOVED,48fd90fd190c58979128478de0b2aa7273a32a39363fbdd4f3dd20796e114e6e,
M049,backend/app/hoc/cus/policies/L5_schemas/policy_limits.py,policies,L5 — Domain Schema,controls,L5 — Domain Schema,backend/app/hoc/cus/controls/L5_schemas/policy_limits.py,"Despite name ""policy_limits"", these are LIMIT schemas (budget, rate,",MOVED,00290bc4004151ce6cf3a198ccf9d65469910750c969d0992f40252c525324cf,
M050,backend/app/hoc/cus/policies/L6_drivers/alert_emitter.py,policies,L6 — Domain Driver,general,L6 — Domain Driver,backend/app/hoc/cus/general/L6_drivers/alert_emitter.py,"Alert emission is system-wide notification orchestration (WHEN and | Source deleted (zero callers, target is canonical)",DELETE_DUPLICATE,0a7aca6e6fabe0f5c54349e27c20c03dbd9e6d44bed869b9795f3f6859561ab1,3569ac10bc0278d1570cc00c8735f842ab5b172f42f4457c4c95484877ed624d
M051,backend/app/hoc/cus/policies/L6_drivers/override_driver.py,policies,L6 — Domain Driver,controls,L6 — Domain Driver,backend/app/hoc/cus/controls/L6_drivers/override_driver.py,Limit overrides belong to controls domain. The file manages temporary,MOVED,bc89d81017341b222c8b75fc6a2b3d7f78bf3d51dacb7a616c7ace8f47a0f76d,
M052,backend/app/hoc/cus/policies/L6_drivers/budget_enforcement_driver.py,policies,L6 — Data Access Driver,controls,L6 — Data Access Driver,backend/app/hoc/cus/controls/L6_drivers/budget_enforcement_driver.py,"""budget"" is EXPLICITLY in controls' qualifier_phrases. Budget",MOVED,27313a3cb30527ec3e1396a2d203f28ebf46a35d46fb6fc773e36958cceda309,
M053,backend/app/hoc/cus/policies/L6_drivers/capture.py,policies,L6 — Domain Driver,logs,L6 — Domain Driver,backend/app/hoc/cus/logs/L6_drivers/capture.py,"Evidence capture/persistence. ""evidence record"" is in logs' qualifier_phrases.",MOVED,1cdb4d74b76fba0e2ed3746fb93227d93d1902af6ab0ec9ed2e8e7b24575fcec,
M054,backend/app/hoc/cus/policies/L6_drivers/cross_domain.py,policies,L6 — Domain Driver,general,L6 — Domain Driver,backend/app/hoc/cus/general/L6_drivers/cross_domain.py,"Cross-domain orchestration coordinating policies↔analytics↔incidents. | Source deleted (zero callers, target is canonical)",DELETE_DUPLICATE,b6db56fc7f66ff5da7aabe4a44370c35dde13f34e2a2d6523bb6b3f516e4bc6f,0b128a296c7785c255c8cc5106a1e59cabcdf2c228673c0a2b3b760552532546
M055,backend/app/hoc/cus/policies/L6_drivers/dag_executor.py,policies,L6 — Domain Driver,general,L6 — Domain Driver,backend/app/hoc/cus/general/L6_drivers/dag_executor.py,"""execution order"" is in general's qualifier_phrases. DAG execution",MOVED,f844a0755cc06a0c1bd48c7ffca1affa4cd226c55732f0ab786e88f7e2cd0c8c,
M056,backend/app/hoc/cus/policies/L6_drivers/governance_signal_driver.py,policies,L6 — Domain Driver,general,L6 — Domain Driver,backend/app/hoc/cus/general/L6_drivers/governance_signal_driver.py,"""governance enforcement"" in general's qualifier_phrases. Governance",MOVED,0d9b19d7ef2760b3d69b839c88598efb0c89a1528b0587cc55880e0ceeed5ee8,
M057,backend/app/hoc/cus/policies/L6_drivers/keys_driver.py,policies,L6 — Domain Driver,apis,L6 — Domain Driver,backend/app/hoc/cus/apis/L6_drivers/keys_driver.py,"""api key"" is EXPLICITLY in apis' qualifier_phrases. API key data",MOVED,385ac8944b80beadd476452cb49e23c6512f181392a61ec1e735ab199d3a8e43,
M058,backend/app/hoc/cus/policies/L6_drivers/limits_read_driver.py,policies,L6 — Data Access Driver,controls,L6 — Data Access Driver,backend/app/hoc/cus/controls/L6_drivers/limits_read_driver.py,"""limit"" is EXPLICITLY in controls' qualifier_phrases. Limits read",MOVED,5aa1f9ed1bc2a74fe0419d68b2c5332d571a468b76453d852ac58b020c8853ca,
M059,backend/app/hoc/cus/policies/L6_drivers/llm_threshold_driver.py,policies,L6 — Domain Driver,controls,L6 — Domain Driver,backend/app/hoc/cus/controls/L6_drivers/llm_threshold_driver.py,"""threshold config"" is in controls' qualifier_phrases. Threshold",MOVED,0ebb8cae79f04859a8cda17791d44cf52375c0b2a6c8cb4d0114f5f488991f85,
M060,backend/app/hoc/cus/policies/L6_drivers/orphan_recovery.py,policies,L6 — Domain Driver,activity,L6 — Domain Driver,backend/app/hoc/cus/activity/L6_drivers/orphan_recovery.py,"""run lifecycle"", ""run state"" are in activity's qualifier_phrases.",MOVED,6445c9dce566454f7a990bc4d49a31eda18ed4cb0c2eed9cd66f172a0d330bcc,
M061,backend/app/hoc/cus/policies/L6_drivers/policy_limits_driver.py,policies,L6 — Domain Driver,controls,L6 — Domain Driver,backend/app/hoc/cus/controls/L6_drivers/policy_limits_driver.py,"""limit"" is EXPLICITLY in controls' qualifier_phrases. This driver",MOVED,2f94adae2e7aa300cebb21ffdd0c41e7ca6200cd7fc138defcd348ad1e6b39de,
M062,backend/app/hoc/cus/policies/L5_engines/audit_engine.py,policies,L8 — Catalyst / Verification,logs,L8 — Catalyst / Verification,backend/app/hoc/cus/logs/L5_engines/audit_engine.py,"""audit"" is EXPLICITLY in logs' qualifier_phrases. This engine",MOVED,18064c94e1d33775563ace0ad4b19da9d6f468a9ae8482b65b345f8071eb1bc6,
M063,backend/app/hoc/cus/policies/L5_engines/audit_evidence.py,policies,L5 — Domain Engine,logs,L5 — Domain Engine,backend/app/hoc/cus/logs/L5_engines/audit_evidence.py,"""audit trail"", ""evidence record"" are in logs' qualifier_phrases. | Source deleted (zero callers, target is canonical)",DELETE_DUPLICATE,92343c5315875438d15c03c2ea198745c3b35999de5e72eb0dade96cbacdf478,030a9db74f894a8a169c5f2c1a9df76301e9268b61be811e269484e2d4e3ef7e
M064,backend/app/hoc/cus/policies/L5_engines/billing_provider.py,policies,L5 — Domain Engine,account,L5 — Domain Engine,backend/app/hoc/cus/account/L5_engines/billing_provider.py,"""billing"", ""subscription"" are in account's qualifier_phrases.",MOVED,1483ac2f5ff28d5a1736ab715b769d8aa2d52806c632ef5261cf761c31cc36fb,
M065,backend/app/hoc/cus/policies/L5_engines/budget_enforcement_engine.py,policies,L4 — Domain Engine (System Truth),controls,L4 — Domain Engine (System Truth),backend/app/hoc/cus/controls/L5_engines/budget_enforcement_engine.py,"""budget"" is EXPLICITLY in controls' qualifier_phrases. Budget",MOVED,4daeb23c1b26b88449af3a88f2bb8b5b334f1c6e918441c298a833671235bce0,
M066,backend/app/hoc/cus/policies/L5_engines/certificate.py,policies,L3 — Boundary Adapter,logs,L3 — Boundary Adapter,backend/app/hoc/cus/logs/L5_engines/certificate.py,"""proof"", ""evidence record"" are in logs' qualifier_phrases. | IMPORT REPOINTED: guard.py:83 repointed to logs.L5_engines.certificate",DELETE_DUPLICATE,b4cf1cddb2d6a8bf0dd94b5a9c1873df2b7fb918aa6f93b564cc9c1fee77934d,321c5ffb08a552d7bf8b19996facb70baf430ca2aaaa8510ab4fc6fdfd95c5f9
M067,backend/app/hoc/cus/policies/L5_engines/constraint_checker.py,policies,L5 — Domain Engine,general,L5 — Domain Engine,backend/app/hoc/cus/general/L5_engines/constraint_checker.py,"""governance enforcement"" in general's qualifier_phrases. Enforces",MOVED,1f630f83f952bcaecff859736e9a9ecac4a9c3af992a31fe7b35a2690c58cabe,
M068,backend/app/hoc/cus/policies/L5_engines/contract_engine.py,policies,L5 — Domain Engine,general,L5 — Domain Engine,backend/app/hoc/cus/general/L5_engines/contract_engine.py,"""job state"" in general's qualifier_phrases. Contract state machine",MOVED,c905749ae4329d1f145e4edb79941fa2b3000fe0d72d501a2c5dbd3b55bd7362,
M069,backend/app/hoc/cus/policies/L5_engines/control_registry.py,policies,L5 — Domain Engine,logs,L5 — Domain Engine,backend/app/hoc/cus/logs/L5_engines/control_registry.py,SOC2 compliance control registry is audit/compliance infrastructure.,MOVED,2d3b8087aeb884804c7c07fc2d257b2f5791681bc3d7fdf7ce55216834b39cf6,
M070,backend/app/hoc/cus/policies/L5_engines/controls_facade.py,policies,L5 — Domain Engine,controls,L5 — Domain Engine,backend/app/hoc/cus/controls/L5_engines/controls_facade.py,"Manages killswitches, circuit breakers, feature flags, throttles - all",MOVED,dff004c6bd379d344ef44245d8ab1910d30dde06961387937b3d94c65aa30374,
M071,backend/app/hoc/cus/policies/L5_engines/dag_sorter.py,policies,L5 — Domain Engine,general,L5 — Domain Engine,backend/app/hoc/cus/general/L5_engines/dag_sorter.py,Determines execution ORDER of policies - orchestration concern. Belongs,MOVED,884be22db021c5742cd879b8e3330f7fbb47254b6e5b706bc26d550f046f077b,
M072,backend/app/hoc/cus/policies/L5_engines/decisions.py,policies,L5 — Domain Engine,controls,L5 — Domain Engine,backend/app/hoc/cus/controls/L5_engines/decisions.py,"Abuse protection decisions (throttle, reject) are enforcement of limits.",MOVED,798ba3045577b28aea3f28fec52c84613fcc2399ce4c8b5f7188291551b61219,
M073,backend/app/hoc/cus/integrations/L3_adapters/customer_killswitch_adapter.py,integrations,L3 — Boundary Adapter,controls,L3 — Boundary Adapter,backend/app/hoc/cus/controls/L3_adapters/customer_killswitch_adapter.py,"""killswitch"" is EXPLICITLY in controls' qualifier_phrases. Adapters",MOVED,5a444f8ff9e32898119d9a5c7740072e32f33867bb8070fdd8a7ad85c4c7cdc2,
M074,backend/app/hoc/cus/integrations/L3_adapters/founder_contract_review_adapter.py,integrations,L3 — Boundary Adapter,policies,L3 — Boundary Adapter,backend/app/hoc/cus/policies/L3_adapters/founder_contract_review_adapter.py,Translates policy Contract domain models for review. Imports from,MOVED,425481b2bc656bddcb419134ae65fe95781ea172c29724226c7d83e4b66c849a,
M075,backend/app/hoc/cus/integrations/L3_adapters/policy_adapter.py,integrations,L3 — Boundary Adapter,policies,L3 — Boundary Adapter,backend/app/hoc/cus/policies/L3_adapters/policy_adapter.py,"""policy evaluation"" is in policies' qualifier_phrases. Imports from",MOVED,6a66c25258951f36eeadbdf4820891672717e1022ece9cb4e5fc0c61302a0a80,
M076,backend/app/hoc/cus/integrations/L5_engines/cost_safety_rails.py,integrations,L5 — Domain Engine,controls,L5 — Domain Engine,backend/app/hoc/cus/controls/L5_engines/cost_safety_rails.py,"""cost limit"", ""budget"" are in controls' qualifier_phrases. Cost safety",MOVED,3e21755c27412d6f8f6d084d31e66f222e4e01eccce5cf913be34c34cb5d0cdd,
M077,backend/app/hoc/cus/integrations/L5_engines/cost_snapshots.py,integrations,L5/L6 — HYBRID (pending refactor),analytics,L5/L6 — HYBRID (pending refactor),backend/app/hoc/cus/analytics/L5_engines/cost_snapshots.py,"""cost analysis"" is in analytics' qualifier_phrases. Cost snapshot",MOVED,465be03531da23a1a601c22745608c94974fda47a9096284a4ff2d80696903c8,
M078,backend/app/hoc/cus/integrations/L5_engines/cus_telemetry_service.py,integrations,L5 — Domain Engine,activity,L5 — Domain Engine,backend/app/hoc/cus/activity/L5_engines/cus_telemetry_service.py,"Telemetry ingestion records LLM run execution data. ""trace"", ""execution",MOVED,ae9ffb1cda65988b7bf6cc90bdea20eef1dd8f3cc0ed7bc36244359aa64e1922,
M079,backend/app/hoc/cus/integrations/L5_engines/identity_resolver.py,integrations,L5 — Domain Engine,account,L5 — Domain Engine,backend/app/hoc/cus/account/L5_engines/identity_resolver.py,"Identity resolution answers ""WHO is this actor?"" which is the account | Source deleted (zero callers, target is canonical)",DELETE_DUPLICATE,5c648d58e3fad686b93481a2562eea4eaa3b7206b383d7bf41669790ab62f8d0,0031941ce8429b0db4a78f9a4cf1f37b588ce6d6e1c12473dca8f80e3f6757ed
M080,backend/app/hoc/cus/integrations/L5_engines/learning_proof_engine.py,integrations,L5 — Domain Engine,policies,L5 — Domain Engine,backend/app/hoc/cus/policies/L5_engines/learning_proof_engine.py,"""lesson learned"" is in policies' qualifier_phrases. Learning proof",MOVED,defb417970a5e8186e1437b4f241a6122a12ba810bdba2e063ec451f4341a41b,
M081,backend/app/hoc/cus/integrations/L5_schemas/cost_snapshot_schemas.py,integrations,L5 — Domain Schemas,analytics,L5 — Domain Schemas,backend/app/hoc/cus/analytics/L5_schemas/cost_snapshot_schemas.py,Schemas for cost snapshot computation which is analytics domain.,MOVED,6d551299da9b130af4e167b1eeb9fc4aed99bc7f70abe15bc80bafa4a2fee7b8,
M082,backend/app/hoc/cus/integrations/L6_drivers/bridges_driver.py,integrations,L6 — Domain Driver,logs,L6 — Domain Driver,backend/app/hoc/cus/logs/L6_drivers/bridges_driver.py,"""audit trail"" is in logs' qualifier_phrases. Records policy activation",MOVED,e9d6714c1fd6e0baf737d8fac888762da9f9205e5359cd42771e876b687553c2,
M083,backend/app/hoc/cus/integrations/L6_drivers/knowledge_plane.py,integrations,L6 — Domain Driver,general,L6 — Domain Driver,backend/app/hoc/cus/general/L6_drivers/knowledge_plane.py,"Product marked as ""system-wide"". Knowledge plane is cross-domain",MOVED,17d146232a31dfc67cf1944ab15d2fcccf652aa1ee3a00bf7ed441b6c5cd7cba,
