file_path,current_domain,layer,header_quality,role_text,v1_inferred_domain,v1_confidence,v2_inferred_domain,v2_confidence,v2_override,needs_split,evidence,notes
account/L5_engines/accounts_facade.py,account,L5 — Domain Engine,FULL,Accounts domain facade - unified entry point for account management,account,HIGH,account,HIGH,NO,NO,phrase:tenant; phrase:membership; phrase:account,
account/L5_engines/email_verification.py,account,L5 — Domain Engine,FULL,Email OTP verification engine for customer onboarding,AMBIGUOUS,LOW,apis,MEDIUM,YES,NO,phrase:key; code:api_key,V2 OVERRIDE: AMBIGUOUS -> apis; MISPLACED in account
account/L5_engines/identity_resolver.py,account,L5 — Domain Engine,FULL,Identity resolution from various providers,integrations,MEDIUM,account,MEDIUM,YES,NO,phrase:tenant; code:tenant_,V2 OVERRIDE: integrations -> account
account/L5_engines/notifications_facade.py,account,L5 — Domain Engine,FULL,Notifications Facade - Centralized access to notification operations,account,MEDIUM,AMBIGUOUS,LOW,NO,YES,Close: account=6 vs integrations=4,
account/L5_engines/profile.py,account,L5 — Domain Engine,FULL,Governance Profile configuration and validation,controls,LOW,controls,MEDIUM,NO,NO,phrase:feature flag,V2 confidence: LOW -> MEDIUM
account/L5_engines/tenant_engine.py,account,L5 — Domain Engine,FULL,Tenant domain engine - business logic for tenant operations,account,HIGH,account,HIGH,NO,NO,phrase:tenant; phrase:membership,
account/L5_engines/user_write_engine.py,account,L5 — Domain Engine,FULL,User write operations (L5 engine over L6 driver),AMBIGUOUS,LOW,account,MEDIUM,YES,NO,phrase:tenant,V2 OVERRIDE: AMBIGUOUS -> account
account/L5_notifications/engines/channel_engine.py,account,L4 — Domain Engine,FULL,Configurable notification channel management engine,controls,LOW,AMBIGUOUS,LOW,NO,YES,Close: incidents=7 vs activity=6,MISPLACED: currently in account
account/L5_support/CRM/engines/audit_engine.py,account,L8 — Catalyst / Verification,FULL,Audit Engine - verifies job execution against contract intent,logs,MEDIUM,AMBIGUOUS,LOW,NO,YES,Close: apis=10 vs activity=8,MISPLACED: currently in account
account/L5_support/CRM/engines/job_executor.py,account,L5 — Execution & Workers,PARTIAL,Job Executor - executes job steps and emits evidence,logs,LOW,AMBIGUOUS,LOW,NO,YES,Close: logs=5 vs apis=4,MISPLACED: currently in account
account/L5_support/CRM/engines/validator_engine.py,account,L4 — Domain Engine,FULL,"Issue Validator engine - pure analysis, advisory verdicts",AMBIGUOUS,LOW,AMBIGUOUS,LOW,NO,YES,Close: incidents=6 vs integrations=4,Needs manual review
account/L6_drivers/accounts_facade_driver.py,account,L6 — Domain Driver,FULL,Accounts domain facade driver - pure data access — L6 DOES NOT COMMIT,account,HIGH,account,HIGH,NO,NO,phrase:tenant; phrase:membership; phrase:billing; phrase:account,
account/L6_drivers/tenant_driver.py,account,L6 — Domain Driver,FULL,Tenant domain driver - pure data access for tenant operations — L6 DOES NOT COMMIT,account,HIGH,account,HIGH,NO,NO,phrase:tenant; phrase:membership,
account/L6_drivers/user_write_driver.py,account,L6 — Domain Driver,FULL,Data access for user write operations,AMBIGUOUS,LOW,AMBIGUOUS,LOW,NO,YES,Close: integrations=6 vs account=4,Needs manual review
account/L6_drivers/worker_registry_driver.py,account,L6 — Domain Driver,FULL,"Worker discovery, status queries, capability registry driver",AMBIGUOUS,LOW,AMBIGUOUS,LOW,NO,YES,Close: account=6 vs activity=4,Needs manual review
activity/L5_engines/activity_enums.py,activity,L5 — Domain Engine,FULL,Canonical enums for activity domain - owned by engines,activity,LOW,activity,HIGH,NO,NO,phrase:run lifecycle; phrase:run,V2 confidence: LOW -> HIGH
activity/L5_engines/activity_facade.py,activity,L5 — Domain Engine,FULL,Activity Facade - Centralized access to activity domain operations,AMBIGUOUS,LOW,AMBIGUOUS,LOW,NO,YES,Close: activity=9 vs analytics=9,Needs manual review
activity/L5_engines/attention_ranking_engine.py,activity,L5 — Domain Engine,FULL,Attention ranking engine for activity signals,activity,LOW,AMBIGUOUS,LOW,NO,YES,Close: account=4 vs incidents=3,
activity/L5_engines/cost_analysis_engine.py,activity,L5 — Domain Engine,FULL,Cost analysis engine for activity signals,analytics,MEDIUM,analytics,MEDIUM,NO,NO,phrase:cost analysis; code:cost_,MISPLACED: currently in activity
activity/L5_engines/pattern_detection_engine.py,activity,L5 — Domain Engine,FULL,Pattern detection engine for activity signals,activity,LOW,activity,MEDIUM,NO,NO,phrase:activity pattern,V2 confidence: LOW -> MEDIUM
activity/L5_engines/run_governance_facade.py,activity,L5 — Domain Engine,FULL,Run Governance Facade - Centralized access to governance operations for runs,activity,MEDIUM,AMBIGUOUS,LOW,NO,YES,Close: logs=7 vs policies=6,
activity/L5_engines/signal_feedback_engine.py,activity,L5 — Domain Engine,FULL,Signal feedback engine for acknowledging/suppressing signals,AMBIGUOUS,LOW,logs,LOW,NO,NO,code:ledger,Needs manual review
activity/L5_engines/signal_identity.py,activity,L5 — Domain Engine,FULL,Signal identity computation for deduplication,analytics,MEDIUM,AMBIGUOUS,LOW,NO,YES,Close: apis=4 vs analytics=3,MISPLACED: currently in activity
activity/L5_engines/threshold_engine.py,activity,L5 — Domain Engine,FULL,Threshold resolution and evaluation logic (decision engine),AMBIGUOUS,LOW,activity,HIGH,YES,NO,phrase:run state; phrase:llm run; phrase:worker run; phrase:run; code:run_,V2 OVERRIDE: AMBIGUOUS -> activity
activity/L6_drivers/activity_read_driver.py,activity,L6 — Data Access Driver,FULL,Activity read data access operations,activity,MEDIUM,activity,HIGH,NO,NO,phrase:run; code:run_; code:activity_,V2 confidence: MEDIUM -> HIGH
activity/L6_drivers/run_signal_service.py,activity,L6 — Domain Driver,FULL,RunSignalService - updates run risk levels based on threshold signals,activity,MEDIUM,activity,MEDIUM,NO,NO,phrase:run; code:run_,
activity/L6_drivers/threshold_driver.py,activity,L6 — Domain Driver,FULL,Database operations for threshold limits,controls,LOW,AMBIGUOUS,LOW,NO,YES,Close: activity=6 vs account=6,MISPLACED: currently in activity
analytics/L3_adapters/alert_delivery.py,analytics,L3 — Adapter,FULL,HTTP delivery to Alertmanager,AMBIGUOUS,LOW,integrations,MEDIUM,YES,NO,phrase:adapter,V2 OVERRIDE: AMBIGUOUS -> integrations; MISPLACED in analytics
analytics/L3_adapters/v2_adapter.py,analytics,L3 — Boundary Adapter,FULL,Cost simulation adapter (translation only),AMBIGUOUS,LOW,AMBIGUOUS,LOW,NO,YES,Close: analytics=6 vs controls=4,Needs manual review
analytics/L5_engines/ai_console_panel_engine.py,analytics,L5 — Domain Engine,FULL,Main orchestration engine for panel evaluation,general,LOW,account,MEDIUM,YES,NO,phrase:tenant; code:tenant_,V2 OVERRIDE: general -> account; MISPLACED in analytics
analytics/L5_engines/alert_worker.py,analytics,L5 — Domain Engine,FULL,Alert queue processing decisions and orchestration,general,LOW,AMBIGUOUS,LOW,NO,YES,Close: activity=6 vs integrations=4,MISPLACED: currently in analytics
analytics/L5_engines/analytics_facade.py,analytics,L5 — Domain Engine,FULL,Analytics Facade - Centralized access to analytics domain operations,analytics,MEDIUM,analytics,HIGH,NO,NO,phrase:analytics; code:cost_; code:statistic; code:aggregate,V2 confidence: MEDIUM -> HIGH
analytics/L5_engines/canary.py,analytics,L5 — Domain Engine,FULL,"CostSim V2 canary runner (daily validation, drift detection)",activity,MEDIUM,analytics,HIGH,YES,NO,phrase:divergence; phrase:aggregate metric; phrase:kl divergence; code:cost_; code:divergence,V2 OVERRIDE: activity -> analytics
analytics/L5_engines/cb_sync_wrapper.py,analytics,L5 — Domain Engine,FULL,Circuit breaker sync wrapper (thread-safe async bridge),controls,MEDIUM,AMBIGUOUS,LOW,NO,YES,Close: activity=6 vs controls=5,MISPLACED: currently in analytics
analytics/L5_engines/config.py,analytics,L5 — Domain Engine,FULL,CostSim V2 configuration and feature flags,controls,MEDIUM,controls,MEDIUM,NO,NO,phrase:feature flag,MISPLACED: currently in analytics
analytics/L5_engines/coordinator.py,analytics,L5 — Domain Engine,FULL,Optimization envelope coordination,logs,MEDIUM,logs,HIGH,NO,NO,phrase:audit trail; phrase:audit; code:audit_,V2 confidence: MEDIUM -> HIGH
analytics/L5_engines/cost_anomaly_detector.py,analytics,L5 — Domain Engine,FULL,Cost anomaly detection business logic (System Truth),AMBIGUOUS,LOW,incidents,HIGH,YES,NO,phrase:severity; phrase:incident; code:incident_; code:severity_,V2 OVERRIDE: AMBIGUOUS -> incidents; MISPLACED in analytics
analytics/L5_engines/cost_model_engine.py,analytics,L5 — Domain Engine,FULL,Cost modeling and risk estimation domain authority (System Truth),analytics,MEDIUM,AMBIGUOUS,LOW,NO,YES,Close: integrations=4 vs apis=4,
analytics/L5_engines/cost_write_engine.py,analytics,L5 — Domain Engine,FULL,Cost write operations (L5 facade over L6 driver),analytics,LOW,analytics,MEDIUM,NO,NO,phrase:cost intelligence; code:cost_,V2 confidence: LOW -> MEDIUM
analytics/L5_engines/costsim_models.py,analytics,L5 — Domain Engine,FULL,"CostSim V2 data models (simulation status, results)",analytics,LOW,AMBIGUOUS,LOW,NO,YES,Close: analytics=6 vs activity=4,
analytics/L5_engines/datasets.py,analytics,L5 — Domain Engine,FULL,CostSim V2 reference datasets (validation samples),analytics,LOW,AMBIGUOUS,LOW,NO,YES,Close: integrations=4 vs analytics=2,
analytics/L5_engines/detection_facade.py,analytics,L5 — Domain Engine,FULL,Detection Facade - Centralized access to anomaly detection operations,AMBIGUOUS,LOW,AMBIGUOUS,LOW,NO,YES,Close: incidents=7 vs activity=6,Needs manual review
analytics/L5_engines/divergence.py,analytics,L5 — Domain Engine,FULL,"CostSim V2 divergence reporting (delta metrics, KL divergence)",analytics,HIGH,analytics,HIGH,NO,NO,phrase:divergence; phrase:kl divergence; phrase:computation,
analytics/L5_engines/envelope.py,analytics,L5 — Domain Engine,FULL,Base optimization envelope definition,AMBIGUOUS,LOW,logs,MEDIUM,YES,NO,phrase:audit; code:audit_,V2 OVERRIDE: AMBIGUOUS -> logs; MISPLACED in analytics
analytics/L5_engines/killswitch.py,analytics,L5 — Domain Engine,FULL,Optimization killswitch for emergency stops (pure state logic),AMBIGUOUS,LOW,AMBIGUOUS,LOW,NO,YES,Close: controls=5 vs logs=5,Needs manual review
analytics/L5_engines/manager.py,analytics,L5 — Domain Engine,FULL,Optimization envelope lifecycle management (pure logic),logs,LOW,AMBIGUOUS,LOW,NO,YES,Close: logs=7 vs controls=5,MISPLACED: currently in analytics
analytics/L5_engines/metrics.py,analytics,L5 — Domain Engine,FULL,"CostSim V2 Prometheus metrics (drift detection, circuit breaker)",AMBIGUOUS,LOW,analytics,HIGH,YES,NO,phrase:divergence; phrase:kl divergence; code:cost_; code:divergence,V2 OVERRIDE: AMBIGUOUS -> analytics
analytics/L5_engines/pattern_detection.py,analytics,L5 — Domain Engine,FULL,Pattern detection (PB-S3) - observe → feedback → no mutation (System Truth),activity,HIGH,activity,HIGH,NO,NO,phrase:run; phrase:trace,MISPLACED: currently in analytics
analytics/L5_engines/prediction.py,analytics,L5 — Domain Engine,FULL,Prediction generation and orchestration (advisory only),general,LOW,AMBIGUOUS,LOW,NO,YES,Close: activity=6 vs overview=4,MISPLACED: currently in analytics
analytics/L5_engines/provenance.py,analytics,L5 — Domain Engine,FULL,CostSim V2 provenance logging (full audit trail),logs,HIGH,logs,HIGH,NO,NO,phrase:audit trail; phrase:audit,MISPLACED: currently in analytics
analytics/L5_engines/s1_retry_backoff.py,analytics,L5 — Domain Engine,FULL,S1 Retry backoff envelope implementation,logs,LOW,apis,MEDIUM,YES,NO,phrase:scope,V2 OVERRIDE: logs -> apis; MISPLACED in analytics
analytics/L5_engines/s2_cost_smoothing.py,analytics,L5 — Domain Engine,FULL,S2 Cost smoothing envelope implementation,AMBIGUOUS,LOW,AMBIGUOUS,LOW,NO,YES,Close: apis=4 vs analytics=3,Needs manual review
analytics/L5_engines/sandbox.py,analytics,L5 — Domain Engine,FULL,"CostSim V2 sandbox routing (V1/V2 comparison, shadow mode)",analytics,LOW,controls,HIGH,YES,NO,phrase:circuit breaker; phrase:budget; code:circuit_breaker,V2 OVERRIDE: analytics -> controls; MISPLACED in analytics
analytics/L6_drivers/alert_driver.py,analytics,L6 — Domain Driver,FULL,Data access for alert queue operations,incidents,MEDIUM,AMBIGUOUS,LOW,NO,YES,Close: incidents=6 vs controls=5,MISPLACED: currently in analytics
analytics/L6_drivers/analytics_read_driver.py,analytics,L6 — Data Access Driver,FULL,Analytics read data access operations,activity,HIGH,activity,HIGH,NO,NO,phrase:run; phrase:trace,MISPLACED: currently in analytics
analytics/L6_drivers/audit_persistence.py,analytics,L6 — Domain Driver,FULL,Optimization audit trail persistence,logs,HIGH,logs,HIGH,NO,NO,phrase:audit trail; phrase:audit,MISPLACED: currently in analytics
analytics/L6_drivers/circuit_breaker.py,analytics,L6 — Domain Driver,FULL,DB-backed circuit breaker state tracking (sync) — L6 DOES NOT COMMIT,AMBIGUOUS,LOW,AMBIGUOUS,LOW,NO,YES,Close: incidents=9 vs controls=7,Needs manual review
analytics/L6_drivers/circuit_breaker_async.py,analytics,L6 — Domain Driver,FULL,Async DB-backed circuit breaker state tracking,AMBIGUOUS,LOW,AMBIGUOUS,LOW,NO,YES,Close: controls=7 vs incidents=6,Needs manual review
analytics/L6_drivers/cost_anomaly_driver.py,analytics,L6 — Domain Driver,FULL,Data access for cost anomaly detection operations,analytics,LOW,account,MEDIUM,YES,NO,phrase:tenant; code:tenant_,V2 OVERRIDE: analytics -> account; MISPLACED in analytics
analytics/L6_drivers/cost_write_driver.py,analytics,L6 — Domain Driver,FULL,Data access for cost write operations,AMBIGUOUS,LOW,account,MEDIUM,YES,NO,phrase:tenant; code:tenant_,V2 OVERRIDE: AMBIGUOUS -> account; MISPLACED in analytics
analytics/L6_drivers/leader.py,analytics,L6 — Domain Driver,FULL,CostSim Leader Election via PostgreSQL Advisory Locks,analytics,LOW,activity,MEDIUM,YES,NO,phrase:run,V2 OVERRIDE: analytics -> activity; MISPLACED in analytics
analytics/L6_drivers/pattern_detection_driver.py,analytics,L6 — Data Access Driver,FULL,Pattern detection data access operations,activity,MEDIUM,AMBIGUOUS,LOW,NO,YES,Close: activity=7 vs incidents=6,MISPLACED: currently in analytics
analytics/L6_drivers/prediction_driver.py,analytics,L6 — Domain Driver,FULL,Data access for prediction operations,activity,MEDIUM,activity,HIGH,NO,NO,phrase:worker run; phrase:run; code:run_,V2 confidence: MEDIUM -> HIGH
analytics/L6_drivers/provenance_async.py,analytics,L6 — Domain Driver,FULL,CostSim V2 Provenance Logger - Async Implementation,AMBIGUOUS,LOW,AMBIGUOUS,LOW,NO,YES,Close: activity=6 vs account=6,Needs manual review
api_keys/L5_engines/api_keys_facade.py,api_keys,L5 — Domain Engine,FULL,API Keys domain engine - unified entry point for API key operations,apis,HIGH,apis,HIGH,NO,NO,phrase:api key; phrase:key,MISPLACED: currently in api_keys
api_keys/L5_engines/email_verification.py,api_keys,L5 — Domain Engine,FULL,Email OTP verification engine for customer onboarding,AMBIGUOUS,LOW,apis,MEDIUM,YES,NO,phrase:key; code:api_key,V2 OVERRIDE: AMBIGUOUS -> apis; MISPLACED in api_keys
api_keys/L5_engines/keys_engine.py,api_keys,L5 — Domain Engine,FULL,API Keys domain engine - business logic for key operations,logs,LOW,account,MEDIUM,YES,NO,phrase:tenant; code:tenant_,V2 OVERRIDE: logs -> account; MISPLACED in api_keys
api_keys/L6_drivers/api_keys_facade_driver.py,api_keys,L6 — Domain Driver,FULL,API Keys Facade Driver - Pure data access for API key queries,apis,HIGH,apis,HIGH,NO,NO,phrase:api key; phrase:key,MISPLACED: currently in api_keys
api_keys/L6_drivers/keys_driver.py,api_keys,L6 — Domain Driver,FULL,Keys Driver - Pure data access for API key engine operations,apis,HIGH,apis,HIGH,NO,NO,phrase:api key; phrase:key,MISPLACED: currently in api_keys
duplicates/M17_internal_worker.py,duplicates,L2 — Product APIs,FULL,M17 Internal Worker Registry - WorkerRegistry/WorkerConfig catalog (DEPRECATED),AMBIGUOUS,LOW,AMBIGUOUS,LOW,NO,YES,Close: integrations=6 vs account=6,Needs manual review
duplicates/api.py,duplicates,L2 — API Route (MISPLACED IN engines/),FULL,C2 Prediction API routes,apis,LOW,AMBIGUOUS,LOW,NO,YES,Close: incidents=6 vs policies=4,MISPLACED: currently in duplicates
duplicates/cost_anomaly_detector.py,duplicates,L8 — Catalyst / Meta,FULL,QUARANTINED - Cost anomaly decision logic (pending domain reassignment),AMBIGUOUS,LOW,incidents,HIGH,YES,NO,phrase:severity; phrase:incident; code:incident_; code:severity_,V2 OVERRIDE: AMBIGUOUS -> incidents; MISPLACED in duplicates
duplicates/pattern_detection.py,duplicates,L8 — Catalyst / Meta,FULL,QUARANTINED - Pattern detection decision logic (pending domain reassignment),logs,LOW,AMBIGUOUS,LOW,NO,YES,Close: activity=6 vs overview=4,MISPLACED: currently in duplicates
general/L3_mcp/server_registry.py,general,L6 — Domain Driver,FULL,Registry for external MCP servers (cross-domain within customer audience),integrations,MEDIUM,AMBIGUOUS,LOW,NO,YES,Close: account=6 vs logs=5,MISPLACED: currently in general
general/L4_runtime/drivers/transaction_coordinator.py,general,L4 — Runtime Coordinator,FULL,Transaction Coordinator for atomic cross-domain writes — OWNS COMMIT AUTHORITY,general,MEDIUM,AMBIGUOUS,LOW,NO,YES,Close: logs=7 vs policies=6,
general/L4_runtime/engines/constraint_checker.py,general,L5 — Domain Engine,FULL,Enforce MonitorConfig inspection constraints before logging (pure business logic),AMBIGUOUS,LOW,AMBIGUOUS,LOW,NO,YES,Close: overview=5 vs logs=3,Needs manual review
general/L4_runtime/engines/governance_orchestrator.py,general,L4 — Domain Engine,FULL,Governance Orchestrator - orchestrates contract execution,general,HIGH,general,HIGH,NO,NO,phrase:governance orchestrat; phrase:orchestrator,
general/L4_runtime/engines/phase_status_invariants.py,general,L5 — Domain Engine,FULL,Phase-status invariant enforcement from GovernanceConfig (pure business logic),AMBIGUOUS,LOW,activity,MEDIUM,YES,NO,phrase:run,V2 OVERRIDE: AMBIGUOUS -> activity; MISPLACED in general
general/L4_runtime/engines/plan_generation_engine.py,general,L4 — Domain Engine (System Truth),FULL,Plan generation (domain logic),logs,LOW,AMBIGUOUS,LOW,NO,YES,Close: activity=4 vs controls=3,MISPLACED: currently in general
general/L4_runtime/facades/run_governance_facade.py,general,L3 — Adapter,FULL,Run Governance Facade - Centralized access to governance operations for runs,activity,MEDIUM,AMBIGUOUS,LOW,NO,YES,Close: logs=7 vs policies=6,MISPLACED: currently in general
general/L5_controls/drivers/guard_write_driver.py,general,L6 — Domain Driver,FULL,Data access for guard/killswitch write operations,incidents,HIGH,incidents,HIGH,NO,NO,phrase:incident; phrase:guard,MISPLACED: currently in general
general/L5_controls/engines/guard_write_engine.py,general,L5 — Domain Engine,FULL,Guard write operations (L5 engine delegating to L6 driver) - pure business logic,AMBIGUOUS,LOW,incidents,HIGH,YES,NO,phrase:incident; phrase:guard; code:guard_,V2 OVERRIDE: AMBIGUOUS -> incidents; MISPLACED in general
general/L5_engines/alert_log_linker.py,general,L5 — Domain Engine,FULL,Link alerts to log records for explicit correlation (pure business logic),logs,MEDIUM,activity,HIGH,YES,NO,phrase:llm run; phrase:trace step; phrase:run; phrase:trace; code:run_,V2 OVERRIDE: logs -> activity; MISPLACED in general
general/L5_engines/alerts_facade.py,general,L5 — Adapter (Facade),FULL,Alerts Facade - Thin translation layer for alert operations,AMBIGUOUS,LOW,account,MEDIUM,YES,NO,phrase:tenant; code:tenant_,V2 OVERRIDE: AMBIGUOUS -> account; MISPLACED in general
general/L5_engines/audit_store.py,general,L5 — Domain Engine,FULL,Storage for audit expectations and acknowledgments (RAC),logs,MEDIUM,AMBIGUOUS,LOW,NO,YES,Close: logs=7 vs activity=6,MISPLACED: currently in general
general/L5_engines/canonical_json.py,general,L5 — Domain Engine (Utility),FULL,"Canonical JSON serialization for hashing (pure computation, no boundary crossing)",analytics,MEDIUM,AMBIGUOUS,LOW,NO,YES,Close: apis=5 vs analytics=3,MISPLACED: currently in general
general/L5_engines/compliance_facade.py,general,L5 — Adapter (Facade),FULL,Compliance Facade - Thin translation layer for compliance operations,AMBIGUOUS,LOW,AMBIGUOUS,LOW,NO,YES,Close: account=6 vs policies=4,Needs manual review
general/L5_engines/concurrent_runs.py,general,L5 — Domain Engine,FULL,Concurrent run limit enforcement (Redis-backed),AMBIGUOUS,LOW,activity,HIGH,YES,NO,phrase:run; phrase:trace,V2 OVERRIDE: AMBIGUOUS -> activity; MISPLACED in general
general/L5_engines/control_registry.py,general,L5 — Domain Engine,FULL,SOC2 Trust Service Criteria control registry (pure business logic),AMBIGUOUS,LOW,incidents,MEDIUM,YES,NO,phrase:incident; code:incident_,V2 OVERRIDE: AMBIGUOUS -> incidents; MISPLACED in general
general/L5_engines/cus_credential_service.py,general,L5 — Domain Engine,FULL,Credential encryption and vault integration for customer LLM integrations,integrations,MEDIUM,AMBIGUOUS,LOW,NO,YES,Close: integrations=7 vs account=6,MISPLACED: currently in general
general/L5_engines/cus_health_shim.py,general,L5 — Domain Engine (DEPRECATED SHIM),FULL,DEPRECATED SHIM - Redirect to drivers/cus_health_driver.py,AMBIGUOUS,LOW,AMBIGUOUS,LOW,NO,NO,No pattern match in code,Needs manual review
general/L5_engines/db_helpers.py,general,L5 — Domain Engine (Utility),FULL,Database row extraction utilities (pure computation on Row objects),analytics,MEDIUM,AMBIGUOUS,LOW,NO,YES,Close: apis=4 vs analytics=3,MISPLACED: currently in general
general/L5_engines/deterministic.py,general,L5 — Domain Engine (Utility),FULL,"Deterministic execution utilities (pure computation, no boundary crossing)",analytics,MEDIUM,AMBIGUOUS,LOW,NO,YES,Close: activity=6 vs apis=4,MISPLACED: currently in general
general/L5_engines/fatigue_controller.py,general,L5 — Domain Engine,FULL,"Alert fatigue management (pure in-memory business logic, no boundary crossing)",logs,LOW,AMBIGUOUS,LOW,NO,YES,Close: account=6 vs controls=5,MISPLACED: currently in general
general/L5_engines/guard.py,general,L5 — Domain Engine (Schema),FULL,"Guard contract DTOs for access control (Pydantic schemas, no boundary crossing)",AMBIGUOUS,LOW,AMBIGUOUS,LOW,NO,YES,Close: overview=9 vs controls=7,Needs manual review
general/L5_engines/input_sanitizer.py,general,L5 — Domain Engine (Utility),FULL,Input sanitization for security (pure regex validation and URL parsing),AMBIGUOUS,LOW,logs,LOW,NO,NO,,Needs manual review
general/L5_engines/knowledge_lifecycle_manager.py,general,L5 — Domain Engine,FULL,GAP-086 Knowledge Lifecycle Manager (THE ORCHESTRATOR) - pure business logic,general,MEDIUM,AMBIGUOUS,LOW,NO,YES,Close: logs=7 vs general=6,
general/L5_engines/knowledge_sdk.py,general,L5 — Domain Engine,FULL,GAP-083-085 Knowledge SDK Façade (thin wrapper over KnowledgeLifecycleManager),AMBIGUOUS,LOW,AMBIGUOUS,LOW,NO,YES,Close: account=6 vs activity=4,Needs manual review
general/L5_engines/lifecycle_facade.py,general,L5 — Adapter (Facade),FULL,Lifecycle Facade - Thin translation layer for lifecycle operations,AMBIGUOUS,LOW,activity,HIGH,YES,NO,phrase:run lifecycle; phrase:run; code:run_,V2 OVERRIDE: AMBIGUOUS -> activity; MISPLACED in general
general/L5_engines/lifecycle_stages_base.py,general,L5 — Domain Engine,FULL,Stage Handler Protocol and Base Types (pure business logic),logs,LOW,general,HIGH,YES,NO,phrase:orchestrator; code:orchestrator; code:runtime,V2 OVERRIDE: logs -> general
general/L5_engines/metrics_helpers.py,general,L5 — Domain Engine,FULL,Metrics helper functions (Prometheus),analytics,LOW,AMBIGUOUS,LOW,NO,YES,Close: apis=4 vs analytics=3,MISPLACED: currently in general
general/L5_engines/monitors_facade.py,general,L5 — Adapter (Facade),FULL,Monitors Facade - Thin translation layer for monitoring operations,AMBIGUOUS,LOW,AMBIGUOUS,LOW,NO,YES,Close: activity=6 vs account=6,Needs manual review
general/L5_engines/panel_invariant_monitor.py,general,L5 — Domain Engine,FULL,Monitor panel invariants and detect silent governance failures (in-memory logic),AMBIGUOUS,LOW,AMBIGUOUS,LOW,NO,YES,Close: incidents=5 vs activity=4,Needs manual review
general/L5_engines/plan_inspector.py,general,L5 — Domain Engine (Utility),FULL,"Plan structure inspection and validation (pure computation, no boundary crossing)",analytics,MEDIUM,AMBIGUOUS,LOW,NO,YES,Close: analytics=6 vs controls=5,MISPLACED: currently in general
general/L5_engines/rate_limiter.py,general,L5 — Domain Engine,FULL,Rate limiting utilities (Redis-backed),controls,MEDIUM,AMBIGUOUS,LOW,NO,YES,Close: controls=5 vs account=4,MISPLACED: currently in general
general/L5_engines/runtime.py,general,L5 — Domain Engine (Utility),FULL,"Runtime utilities (pure uuid/datetime generation, no boundary crossing)",activity,MEDIUM,AMBIGUOUS,LOW,NO,YES,Close: activity=4 vs general=2,MISPLACED: currently in general
general/L5_engines/runtime_switch.py,general,L5 — Domain Engine,FULL,Runtime toggle for governance enforcement (emergency kill switch),general,MEDIUM,AMBIGUOUS,LOW,NO,YES,Close: logs=5 vs policies=4,
general/L5_engines/scheduler_facade.py,general,L5 — Adapter (Facade),FULL,Scheduler Facade - Thin translation layer for job scheduling operations,AMBIGUOUS,LOW,activity,HIGH,YES,NO,phrase:run history; phrase:run; code:run_,V2 OVERRIDE: AMBIGUOUS -> activity; MISPLACED in general
general/L5_engines/webhook_verify.py,general,L5 — Domain Engine (Utility),FULL,Webhook HMAC-SHA256 signature verification (pure cryptographic computation),AMBIGUOUS,LOW,AMBIGUOUS,LOW,NO,YES,Close: integrations=4 vs apis=4,Needs manual review
general/L5_lifecycle/drivers/execution.py,general,L5 — Domain Engine (Execution),FULL,Execution implementations for lifecycle stage handlers (pure business logic),AMBIGUOUS,LOW,AMBIGUOUS,LOW,NO,YES,Close: account=6 vs integrations=5,Needs manual review
general/L5_lifecycle/drivers/knowledge_plane.py,general,L5 — Domain Engine (Model),FULL,KnowledgePlane domain models and registry (pure dataclass definitions),AMBIGUOUS,LOW,AMBIGUOUS,LOW,NO,YES,Close: account=4 vs analytics=2,Needs manual review
general/L5_lifecycle/engines/base.py,general,L5 — Domain Engine,FULL,Stage Handler Protocol and Base Types (pure business logic),logs,LOW,general,HIGH,YES,NO,phrase:orchestrator; code:orchestrator; code:runtime,V2 OVERRIDE: logs -> general
general/L5_lifecycle/engines/offboarding.py,general,L5 — Domain Engine,FULL,Offboarding Stage Handlers (GAP-078 to GAP-082) - pure business logic,logs,LOW,logs,HIGH,NO,NO,phrase:audit trail; phrase:audit,V2 confidence: LOW -> HIGH
general/L5_lifecycle/engines/onboarding.py,general,L5 — Domain Engine,FULL,Onboarding Stage Handlers (GAP-071 to GAP-077) - pure business logic,logs,LOW,general,HIGH,YES,NO,phrase:orchestrator; code:orchestrator; code:runtime,V2 OVERRIDE: logs -> general
general/L5_lifecycle/engines/pool_manager.py,general,L5 — Domain Engine,FULL,Unified connection pool manager with health checking (pure business logic),logs,LOW,account,MEDIUM,YES,NO,phrase:tenant; code:tenant_,V2 OVERRIDE: logs -> account; MISPLACED in general
general/L5_schemas/agent.py,general,L5 — Domain Engine (Schema),FULL,Agent API request/response schemas (pure Pydantic DTOs),apis,LOW,controls,HIGH,YES,NO,phrase:rate limit; phrase:budget,V2 OVERRIDE: apis -> controls; MISPLACED in general
general/L5_schemas/artifact.py,general,L5 — Domain Engine (Schema),FULL,Artifact API schemas (pure Pydantic DTOs),apis,LOW,activity,MEDIUM,YES,NO,phrase:run,V2 OVERRIDE: apis -> activity; MISPLACED in general
general/L5_schemas/common.py,general,L5 — Domain Engine (Schema),FULL,Common contract definitions (pure Pydantic DTOs),AMBIGUOUS,LOW,apis,LOW,NO,NO,,Needs manual review
general/L5_schemas/plan.py,general,L5 — Domain Engine (Schema),FULL,Plan API schemas (pure Pydantic DTOs),apis,LOW,activity,MEDIUM,YES,NO,phrase:run,V2 OVERRIDE: apis -> activity; MISPLACED in general
general/L5_schemas/rac_models.py,general,L5 — Domain Schema,FULL,Runtime Audit Contract (RAC) models - pure Pydantic/dataclass DTOs,AMBIGUOUS,LOW,activity,HIGH,YES,NO,phrase:run; phrase:trace; code:run_,V2 OVERRIDE: AMBIGUOUS -> activity; MISPLACED in general
general/L5_schemas/response.py,general,L5 — Domain Engine (Schema),FULL,Standard API response envelope for consistent client experience (pure Pydantic DTO),apis,LOW,AMBIGUOUS,LOW,NO,YES,Close: controls=1 vs apis=1,MISPLACED: currently in general
general/L5_schemas/skill.py,general,L5 — Domain Engine (Schema),FULL,Skill API schemas (pure Pydantic DTOs),apis,LOW,integrations,MEDIUM,YES,NO,phrase:webhook; code:webhook_,V2 OVERRIDE: apis -> integrations; MISPLACED in general
general/L5_ui/engines/rollout_projection.py,general,L5 — Domain Engine (Projection),FULL,Rollout Projection - read-only projection of audited truth (pure business logic),logs,MEDIUM,logs,HIGH,NO,NO,phrase:append-only; phrase:audit; code:audit_,V2 confidence: MEDIUM -> HIGH
general/L5_utils/time.py,general,L5 — Domain Engine (Utility),FULL,Common time utilities for customer domain modules (pure datetime computation),analytics,MEDIUM,analytics,LOW,NO,NO,phrase:computation,V2 confidence: MEDIUM -> LOW
general/L5_workflow/contracts/engines/contract_engine.py,general,L5 — Domain Engine,FULL,Contract Engine - stateful contract state machine (pure business logic),logs,LOW,logs,HIGH,NO,NO,phrase:proof; phrase:audit; code:audit_,V2 confidence: LOW -> HIGH
general/L6_drivers/alert_emitter.py,general,L6 — Domain Driver,FULL,Emit alerts for near-threshold and breach events,AMBIGUOUS,LOW,AMBIGUOUS,LOW,NO,YES,Close: controls=6 vs activity=6,Needs manual review
general/L6_drivers/budget_tracker.py,general,L6 — Domain Driver,FULL,Budget tracking utility,controls,MEDIUM,AMBIGUOUS,LOW,NO,YES,Close: activity=6 vs account=6,MISPLACED: currently in general
general/L6_drivers/cross_domain.py,general,L6 — Domain Driver,FULL,Cross-Domain Governance - Mandatory data integrity functions,incidents,MEDIUM,AMBIGUOUS,LOW,NO,YES,Close: controls=12 vs incidents=11,MISPLACED: currently in general
general/L6_drivers/cus_health_driver.py,general,L6 — Domain Driver,FULL,Health checking driver for customer LLM integrations (DB boundary crossing),integrations,MEDIUM,AMBIGUOUS,LOW,NO,YES,Close: overview=9 vs account=9,MISPLACED: currently in general
general/L6_drivers/decisions.py,general,L6 — Domain Driver,FULL,Decision contract enforcement,AMBIGUOUS,LOW,AMBIGUOUS,LOW,NO,YES,Close: activity=8 vs policies=7,Needs manual review
general/L6_drivers/guard_cache.py,general,L6 — Domain Driver,FULL,Guard decision caching,incidents,MEDIUM,incidents,HIGH,NO,NO,phrase:incident; phrase:guard; code:guard_,V2 confidence: MEDIUM -> HIGH
general/L6_drivers/idempotency.py,general,L6 — Domain Driver,FULL,Idempotency key utilities,AMBIGUOUS,LOW,AMBIGUOUS,LOW,NO,YES,Close: account=6 vs activity=4,Needs manual review
general/L6_drivers/ledger.py,general,L6 — Domain Driver,FULL,Discovery ledger for artifact tracking,AMBIGUOUS,LOW,analytics,LOW,NO,NO,code:aggregate,Needs manual review
general/L6_drivers/schema_parity.py,general,L6 — Domain Driver,FULL,Schema parity checking utilities,AMBIGUOUS,LOW,AMBIGUOUS,LOW,NO,YES,Close: activity=6 vs analytics=5,Needs manual review
general/L6_drivers/worker_write_service_async.py,general,L6 — Domain Driver,FULL,DB write delegation for Worker API (Phase 2B extraction),activity,MEDIUM,activity,HIGH,NO,NO,phrase:worker run; phrase:run; code:run_,V2 confidence: MEDIUM -> HIGH
incidents/L3_adapters/anomaly_bridge.py,incidents,L3 — Boundary Adapter,FULL,"Anomaly-to-Incident bridge (incidents-owned, not analytics)",AMBIGUOUS,LOW,incidents,HIGH,YES,NO,phrase:severity; phrase:incident; code:incident_; code:severity_,V2 OVERRIDE: AMBIGUOUS -> incidents
incidents/L5_engines/alert_log_linker.py,incidents,L5 — Domain Engine,FULL,Link alerts to log records for explicit correlation,logs,MEDIUM,activity,HIGH,YES,NO,phrase:llm run; phrase:trace step; phrase:run; phrase:trace; code:run_,V2 OVERRIDE: logs -> activity; MISPLACED in incidents
incidents/L5_engines/channel_engine.py,incidents,L5 — Domain Engine,FULL,Configurable notification channel management,controls,LOW,AMBIGUOUS,LOW,NO,YES,Close: incidents=7 vs activity=6,MISPLACED: currently in incidents
incidents/L5_engines/degraded_mode_checker.py,incidents,L5 — Domain Engine,FULL,Governance degraded mode checker with incident response,AMBIGUOUS,LOW,AMBIGUOUS,LOW,NO,YES,Close: incidents=9 vs logs=8,Needs manual review
incidents/L5_engines/evidence_report.py,incidents,L5 — Domain Engine,FULL,Generate legal-grade PDF evidence reports for AI incidents,AMBIGUOUS,LOW,AMBIGUOUS,LOW,NO,YES,Close: overview=15 vs logs=13,Needs manual review
incidents/L5_engines/failure_mode_handler.py,incidents,L5 — Domain Engine,FULL,Handle failure modes - default to fail-closed,AMBIGUOUS,LOW,AMBIGUOUS,LOW,NO,YES,Close: policies=6 vs account=6,Needs manual review
incidents/L5_engines/hallucination_detector.py,incidents,L5 — Domain Engine,FULL,Detect potential hallucinations in LLM outputs (non-blocking),AMBIGUOUS,LOW,incidents,HIGH,YES,NO,phrase:severity; phrase:incident; code:incident_; code:severity_,V2 OVERRIDE: AMBIGUOUS -> incidents
incidents/L5_engines/incident_driver.py,incidents,L5 — Domain Engine,FULL,Incident Domain Engine - Internal orchestration for incident operations,incidents,MEDIUM,incidents,HIGH,NO,NO,phrase:incident engine; phrase:incident; code:incident_; code:incidentengine; code:incidentdriver,V2 confidence: MEDIUM -> HIGH
incidents/L5_engines/incident_engine.py,incidents,L5 — Domain Engine (System Truth),FULL,Incident creation decision-making (domain logic),AMBIGUOUS,LOW,incidents,HIGH,YES,NO,phrase:incident pattern; phrase:incident engine; phrase:severity; phrase:incident; code:incident_,V2 OVERRIDE: AMBIGUOUS -> incidents
incidents/L5_engines/incident_pattern_engine.py,incidents,L5 — Domain Engine,FULL,Detect structural patterns across incidents,incidents,MEDIUM,incidents,HIGH,NO,NO,phrase:incident pattern; phrase:severity; phrase:incident; code:incident_; code:severity_,V2 confidence: MEDIUM -> HIGH
incidents/L5_engines/incident_read_engine.py,incidents,L5 — Domain Engine,FULL,Incident domain read operations (L5 facade over L6 driver),incidents,MEDIUM,AMBIGUOUS,LOW,NO,YES,Close: incidents=6 vs controls=5,
incidents/L5_engines/incident_severity_engine.py,incidents,L5 — Domain Engine,FULL,Severity calculation and escalation decisions for incidents,incidents,HIGH,incidents,HIGH,NO,NO,phrase:severity; phrase:incident,
incidents/L5_engines/incident_write_engine.py,incidents,L5 — Domain Engine,FULL,Incident domain write operations with audit (L5 facade over L6 driver),AMBIGUOUS,LOW,logs,HIGH,YES,NO,phrase:audit; code:audit_; code:ledger,V2 OVERRIDE: AMBIGUOUS -> logs; MISPLACED in incidents
incidents/L5_engines/incidents_facade.py,incidents,L5 — Domain Engine,FULL,Incidents domain facade - unified entry point for incident management operations,incidents,MEDIUM,incidents,HIGH,NO,NO,phrase:incident pattern; phrase:severity; phrase:incident; phrase:recurrence; code:incident_,V2 confidence: MEDIUM -> HIGH
incidents/L5_engines/incidents_types.py,incidents,L5 — Domain Engine,FULL,Shared type aliases for incidents domain engines,incidents,MEDIUM,incidents,MEDIUM,NO,NO,phrase:incident,
incidents/L5_engines/lessons_engine.py,incidents,L5 — Domain Engine (System Truth),FULL,Lessons learned creation and management (domain logic),AMBIGUOUS,LOW,incidents,HIGH,YES,NO,phrase:near-threshold; phrase:failure detect; phrase:severity; phrase:incident; code:severity_,V2 OVERRIDE: AMBIGUOUS -> incidents
incidents/L5_engines/llm_failure_engine.py,incidents,L5 — Domain Engine,FULL,"S4 failure truth model, fact persistence",activity,MEDIUM,activity,MEDIUM,NO,NO,phrase:run; code:run_,MISPLACED: currently in incidents
incidents/L5_engines/mapper.py,incidents,L5 — Domain Engine,FULL,Map incidents to relevant SOC2 controls,incidents,MEDIUM,AMBIGUOUS,LOW,NO,YES,Close: incidents=10 vs activity=10,
incidents/L5_engines/panel_invariant_monitor.py,incidents,L5 — Domain Engine,FULL,Monitor panel invariants and detect silent governance failures,AMBIGUOUS,LOW,AMBIGUOUS,LOW,NO,YES,Close: incidents=5 vs activity=4,Needs manual review
incidents/L5_engines/panel_verification_engine.py,incidents,L5 — Domain Engine,FULL,Determinism verification and input validation,AMBIGUOUS,LOW,incidents,MEDIUM,YES,NO,phrase:incident,V2 OVERRIDE: AMBIGUOUS -> incidents
incidents/L5_engines/pdf_renderer.py,incidents,L5 — Domain Engine,FULL,Render export bundles to PDF format,AMBIGUOUS,LOW,AMBIGUOUS,LOW,NO,YES,Close: activity=6 vs overview=4,Needs manual review
incidents/L5_engines/policy_violation_engine.py,incidents,L5 — Domain Engine,FULL,"S3 violation truth model, fact persistence, evidence linking",AMBIGUOUS,LOW,incidents,HIGH,YES,NO,phrase:incident; code:incident_; code:violation_,V2 OVERRIDE: AMBIGUOUS -> incidents
incidents/L5_engines/postmortem_engine.py,incidents,L5 — Domain Engine,FULL,Extract learnings and post-mortem insights from resolved incidents,incidents,MEDIUM,incidents,HIGH,NO,NO,phrase:incident; phrase:recurrence; code:incident_; code:recurrence,V2 confidence: MEDIUM -> HIGH
incidents/L5_engines/prevention_engine.py,incidents,L5 — Domain Engine,FULL,Prevention-based policy validation,policies,LOW,incidents,HIGH,YES,NO,phrase:violation detect; phrase:severity; phrase:incident; code:incident_; code:severity_,V2 OVERRIDE: policies -> incidents
incidents/L5_engines/recovery_evaluation_engine.py,incidents,L5 — Domain Engine (System Truth),FULL,Recovery evaluation decision-making (domain logic),AMBIGUOUS,LOW,AMBIGUOUS,LOW,NO,YES,Close: policies=3 vs incidents=1,Needs manual review
incidents/L5_engines/recovery_rule_engine.py,incidents,L5 — Domain Engine (System Truth),FULL,Rule-based evaluation engine for recovery suggestions,policies,LOW,policies,HIGH,NO,NO,phrase:rule engine; code:rule_; code:ruleengine,V2 confidence: LOW -> HIGH
incidents/L5_engines/recurrence_analysis_engine.py,incidents,L5 — Domain Engine,FULL,Analyze recurring incident patterns (business logic),incidents,HIGH,incidents,HIGH,NO,NO,phrase:incident pattern; phrase:incident,
incidents/L5_engines/runtime_switch.py,incidents,L5 — Domain Engine,FULL,Runtime toggle for governance enforcement (in-memory state),general,MEDIUM,AMBIGUOUS,LOW,NO,YES,Close: logs=5 vs policies=4,MISPLACED: currently in incidents
incidents/L5_engines/semantic_failures.py,incidents,L5 — Domain Engine,FULL,Semantic failure taxonomy and fix guidance for incidents domain,incidents,MEDIUM,incidents,HIGH,NO,NO,phrase:severity; phrase:incident; code:failure_; code:violation_,V2 confidence: MEDIUM -> HIGH
incidents/L6_drivers/export_bundle_driver.py,incidents,L6 — Domain Driver,FULL,Generate structured export bundles from incidents and traces,activity,HIGH,activity,HIGH,NO,NO,phrase:run; phrase:trace,MISPLACED: currently in incidents
incidents/L6_drivers/guard_write_driver.py,incidents,L6 — Domain Driver,FULL,DB write operations for Guard API - pure data access,incidents,HIGH,incidents,HIGH,NO,NO,phrase:incident; phrase:guard,
incidents/L6_drivers/incident_aggregator.py,incidents,L6 — Domain Driver,FULL,Incident aggregation persistence - pure data access,incidents,MEDIUM,AMBIGUOUS,LOW,NO,YES,Close: controls=15 vs incidents=14,
incidents/L6_drivers/incident_pattern_driver.py,incidents,L6 — Domain Driver,FULL,Data access for incident pattern detection operations (async),incidents,HIGH,incidents,HIGH,NO,NO,phrase:incident pattern; phrase:incident,
incidents/L6_drivers/incident_read_driver.py,incidents,L6 — Domain Driver,FULL,Data access for incident read operations,incidents,MEDIUM,AMBIGUOUS,LOW,NO,YES,Close: controls=6 vs incidents=6,
incidents/L6_drivers/incident_write_driver.py,incidents,L6 — Domain Driver,FULL,Data access for incident write operations,activity,HIGH,activity,HIGH,NO,NO,phrase:run; phrase:trace,MISPLACED: currently in incidents
incidents/L6_drivers/incidents_facade_driver.py,incidents,L6 — Domain Driver,FULL,Database operations for incidents facade - pure data access,incidents,MEDIUM,AMBIGUOUS,LOW,NO,YES,Close: incidents=6 vs analytics=6,
incidents/L6_drivers/lessons_driver.py,incidents,L6 — Domain Driver,FULL,Data access for lessons_learned operations,policies,LOW,policies,HIGH,NO,NO,phrase:policy proposal; code:policy_; code:proposal_,V2 confidence: LOW -> HIGH
incidents/L6_drivers/llm_failure_driver.py,incidents,L6 — Domain Driver,FULL,Data access for LLM failure operations (async),activity,MEDIUM,AMBIGUOUS,LOW,NO,YES,Close: incidents=9 vs logs=7,MISPLACED: currently in incidents
incidents/L6_drivers/policy_violation_driver.py,incidents,L6 — Domain Driver,FULL,Data access for policy violation operations (async + sync),incidents,MEDIUM,AMBIGUOUS,LOW,NO,YES,Close: policies=9 vs incidents=9,
incidents/L6_drivers/postmortem_driver.py,incidents,L6 — Domain Driver,FULL,Data access for post-mortem analytics operations (async),AMBIGUOUS,LOW,incidents,HIGH,YES,NO,phrase:incident; phrase:recurrence; code:incident_; code:recurrence,V2 OVERRIDE: AMBIGUOUS -> incidents
incidents/L6_drivers/recurrence_analysis_driver.py,incidents,L6 — Domain Driver,FULL,Database operations for recurrence analysis - pure data access,incidents,HIGH,incidents,HIGH,NO,NO,phrase:incident; phrase:recurrence,
incidents/L6_drivers/scoped_execution.py,incidents,L6 — Domain Driver,FULL,"Pre-execution gate, scope enforcement",AMBIGUOUS,LOW,AMBIGUOUS,LOW,NO,YES,Close: activity=8 vs apis=7,Needs manual review
integrations/L3_adapters/cloud_functions_adapter.py,integrations,L3 — Boundary Adapters,PARTIAL,Google Cloud Functions serverless adapter,integrations,MEDIUM,integrations,MEDIUM,NO,NO,phrase:adapter,
integrations/L3_adapters/customer_activity_adapter.py,integrations,L3 — Boundary Adapter,PARTIAL,Customer activity boundary adapter (L2 → L3 → L5),integrations,MEDIUM,activity,HIGH,YES,NO,phrase:run; code:run_; code:activity_,V2 OVERRIDE: integrations -> activity; MISPLACED in integrations
integrations/L3_adapters/customer_incidents_adapter.py,integrations,L3 — Boundary Adapter,PARTIAL,Customer incidents boundary adapter (L2 → L3 → L4),incidents,MEDIUM,incidents,HIGH,NO,NO,phrase:severity; phrase:incident; phrase:guard; code:incident_,V2 confidence: MEDIUM -> HIGH
integrations/L3_adapters/customer_keys_adapter.py,integrations,L3 — Boundary Adapter,PARTIAL,Customer API keys boundary adapter (L2 → L3 → L4),apis,HIGH,apis,HIGH,NO,NO,phrase:api key; phrase:key,MISPLACED: currently in integrations
integrations/L3_adapters/customer_killswitch_adapter.py,integrations,L3 — Boundary Adapter,PARTIAL,Customer killswitch boundary adapter (L2 → L3 → L4),AMBIGUOUS,LOW,AMBIGUOUS,LOW,NO,YES,Close: account=6 vs controls=5,Needs manual review
integrations/L3_adapters/customer_logs_adapter.py,integrations,L3 — Boundary Adapter,PARTIAL,Customer logs boundary adapter (L2 → L3 → L4),integrations,MEDIUM,AMBIGUOUS,LOW,NO,YES,Close: incidents=8 vs activity=6,
integrations/L3_adapters/customer_policies_adapter.py,integrations,L3 — Boundary Adapter,PARTIAL,Customer policies boundary adapter (L2 → L3 → L4),integrations,MEDIUM,AMBIGUOUS,LOW,NO,YES,Close: controls=8 vs integrations=6,
integrations/L3_adapters/file_storage_base.py,integrations,L3 — Boundary Adapters,PARTIAL,Base class for file storage adapters,integrations,MEDIUM,AMBIGUOUS,LOW,NO,YES,Close: integrations=4 vs apis=4,
integrations/L3_adapters/founder_contract_review_adapter.py,integrations,L3 — Boundary Adapter,PARTIAL,Translate Contract domain models to Founder Review views,AMBIGUOUS,LOW,overview,HIGH,YES,NO,phrase:summary view; phrase:summary; code:summary_,V2 OVERRIDE: AMBIGUOUS -> overview; MISPLACED in integrations
integrations/L3_adapters/founder_ops_adapter.py,integrations,L3 — Boundary Adapter,PARTIAL,Translate OpsIncident domain models to Founder-facing views,incidents,MEDIUM,AMBIGUOUS,LOW,NO,YES,Close: overview=6 vs incidents=4,MISPLACED: currently in integrations
integrations/L3_adapters/gcs_adapter.py,integrations,L3 — Boundary Adapters,PARTIAL,Google Cloud Storage file storage adapter,integrations,MEDIUM,AMBIGUOUS,LOW,NO,YES,Close: activity=4 vs integrations=4,
integrations/L3_adapters/lambda_adapter.py,integrations,L3 — Boundary Adapters,FULL,AWS Lambda serverless adapter,integrations,MEDIUM,integrations,MEDIUM,NO,NO,phrase:adapter,
integrations/L3_adapters/notifications_base.py,integrations,L3 — Boundary Adapters,PARTIAL,Base class for notification adapters,integrations,MEDIUM,AMBIGUOUS,LOW,NO,YES,Close: integrations=4 vs general=3,
integrations/L3_adapters/pgvector_adapter.py,integrations,L3 — Boundary Adapters,PARTIAL,PGVector production adapter,integrations,MEDIUM,AMBIGUOUS,LOW,NO,YES,Close: integrations=4 vs analytics=2,
integrations/L3_adapters/pinecone_adapter.py,integrations,L3 — Boundary Adapters,FULL,Pinecone vector store adapter,integrations,MEDIUM,AMBIGUOUS,LOW,NO,YES,Close: integrations=4 vs analytics=2,
integrations/L3_adapters/policy_adapter.py,integrations,L3 — Boundary Adapter,PARTIAL,Policy evaluation boundary adapter (L2 → L3 → L4),AMBIGUOUS,LOW,integrations,HIGH,YES,NO,phrase:webhook; phrase:adapter; code:adapter_; code:webhook_,V2 OVERRIDE: AMBIGUOUS -> integrations
integrations/L3_adapters/runtime_adapter.py,integrations,L3 — Boundary Adapter (Translation),PARTIAL,Translate API requests into runtime domain commands,activity,MEDIUM,AMBIGUOUS,LOW,NO,YES,Close: activity=4 vs integrations=4,MISPLACED: currently in integrations
integrations/L3_adapters/s3_adapter.py,integrations,L3 — Boundary Adapters,FULL,AWS S3 file storage adapter,integrations,MEDIUM,integrations,MEDIUM,NO,NO,phrase:adapter,
integrations/L3_adapters/serverless_base.py,integrations,L3 — Boundary Adapters,PARTIAL,Base class for serverless adapters,integrations,MEDIUM,AMBIGUOUS,LOW,NO,YES,Close: activity=4 vs integrations=4,
integrations/L3_adapters/slack_adapter.py,integrations,L3 — Boundary Adapters,PARTIAL,Slack notification adapter,integrations,MEDIUM,integrations,MEDIUM,NO,NO,phrase:adapter,
integrations/L3_adapters/smtp_adapter.py,integrations,L3 — Boundary Adapters,PARTIAL,SMTP email notification adapter,integrations,MEDIUM,integrations,MEDIUM,NO,NO,phrase:adapter,
integrations/L3_adapters/vector_stores_base.py,integrations,L3 — Boundary Adapters,PARTIAL,Base class for vector store adapters,integrations,MEDIUM,AMBIGUOUS,LOW,NO,YES,Close: integrations=4 vs analytics=2,
integrations/L3_adapters/weaviate_adapter.py,integrations,L3 — Boundary Adapters,PARTIAL,Weaviate vector store adapter,integrations,MEDIUM,apis,MEDIUM,YES,NO,phrase:key; code:apikey,V2 OVERRIDE: integrations -> apis; MISPLACED in integrations
integrations/L3_adapters/webhook_adapter.py,integrations,L3 — Boundary Adapters,PARTIAL,Webhook notification adapter with retry logic,integrations,HIGH,integrations,HIGH,NO,NO,phrase:webhook; phrase:adapter,
integrations/L3_adapters/workers_adapter.py,integrations,L3 — Boundary Adapter,PARTIAL,Worker execution boundary adapter (L2 → L3 → L4),integrations,MEDIUM,integrations,MEDIUM,NO,NO,phrase:adapter; code:adapter_,
integrations/L5_engines/bridges.py,integrations,L5/L6 — HYBRID (pending refactor),FULL,Integration bridge abstractions with embedded DB operations,integrations,MEDIUM,incidents,HIGH,YES,NO,phrase:incident; phrase:guard; code:incident_; code:failure_,V2 OVERRIDE: integrations -> incidents; MISPLACED in integrations
integrations/L5_engines/connectors_facade.py,integrations,L5 — Domain Engine,FULL,Connectors Facade - Centralized access to connector operations,AMBIGUOUS,LOW,AMBIGUOUS,LOW,NO,YES,Close: account=6 vs integrations=5,Needs manual review
integrations/L5_engines/cost_bridges_engine.py,integrations,L5 — Domain Engine,FULL,Cost-related integration bridges (cost loop business logic),integrations,MEDIUM,controls,HIGH,YES,NO,phrase:rate limit; phrase:token limit; phrase:throttle; phrase:budget; code:throttle,V2 OVERRIDE: integrations -> controls; MISPLACED in integrations
integrations/L5_engines/cost_safety_rails.py,integrations,L5 — Domain Engine,FULL,Cost safety rail enforcement (business rules),AMBIGUOUS,LOW,AMBIGUOUS,LOW,NO,YES,Close: general=6 vs incidents=4,Needs manual review
integrations/L5_engines/cost_snapshots.py,integrations,L5/L6 — HYBRID (pending refactor),FULL,Cost snapshot computation with embedded DB operations,AMBIGUOUS,LOW,AMBIGUOUS,LOW,NO,YES,Close: analytics=8 vs activity=6,Needs manual review
integrations/L5_engines/credentials/protocol.py,integrations,L5 — Domain Engine,FULL,Canonical CredentialService protocol for connector services,integrations,MEDIUM,AMBIGUOUS,LOW,NO,YES,Close: integrations=5 vs activity=4,
integrations/L5_engines/cus_health_engine.py,integrations,L5 — Domain Engine,FULL,Health checking engine for customer LLM integrations,integrations,MEDIUM,AMBIGUOUS,LOW,NO,YES,Close: overview=9 vs account=9,
integrations/L5_engines/cus_integration_service.py,integrations,L5 — Domain Engine,FULL,"Customer integration service - LLM BYOK, SDK, RAG management",integrations,MEDIUM,integrations,MEDIUM,NO,NO,phrase:integration; code:integration_,
integrations/L5_engines/cus_telemetry_service.py,integrations,L5 — Domain Engine,FULL,Customer telemetry service - LLM usage ingestion and reporting,AMBIGUOUS,LOW,AMBIGUOUS,LOW,NO,NO,No pattern match in code,Needs manual review
integrations/L5_engines/datasources_facade.py,integrations,L5 — Domain Engine,FULL,DataSources Facade - Centralized access to data source operations,general,LOW,account,MEDIUM,YES,NO,phrase:tenant; code:tenant_,V2 OVERRIDE: general -> account; MISPLACED in integrations
integrations/L5_engines/dispatcher.py,integrations,L5/L6 — HYBRID (pending refactor),FULL,Integration event dispatcher with embedded DB persistence,integrations,MEDIUM,incidents,HIGH,YES,NO,phrase:incident; phrase:guard,V2 OVERRIDE: integrations -> incidents; MISPLACED in integrations
integrations/L5_engines/graduation_engine.py,integrations,L5 — Domain Engine,FULL,Agent graduation evaluation domain logic (pure computation),AMBIGUOUS,LOW,AMBIGUOUS,LOW,NO,YES,Close: incidents=5 vs overview=5,Needs manual review
integrations/L5_engines/http_connector.py,integrations,L5 — Domain Engine,FULL,Machine-controlled HTTP connector (NOT LLM-controlled),integrations,HIGH,integrations,HIGH,NO,NO,phrase:connector; phrase:external,
integrations/L5_engines/iam_engine.py,integrations,L5 — Domain Engine,FULL,IAM engine for identity and access management,logs,LOW,AMBIGUOUS,LOW,NO,YES,Close: account=6 vs logs=5,MISPLACED: currently in integrations
integrations/L5_engines/identity_resolver.py,integrations,L5 — Domain Engine,FULL,Identity resolution from various providers (JWT parsing),AMBIGUOUS,LOW,account,MEDIUM,YES,NO,phrase:tenant; code:tenant_,V2 OVERRIDE: AMBIGUOUS -> account; MISPLACED in integrations
integrations/L5_engines/integrations_facade.py,integrations,L5 — Domain Engine,FULL,Integrations domain facade - unified entry point for integration management,integrations,MEDIUM,AMBIGUOUS,LOW,NO,YES,Close: integrations=6 vs activity=4,
integrations/L5_engines/learning_proof_engine.py,integrations,L5 — Domain Engine,FULL,"Learning proof generation (graduation gates, regret tracking)",AMBIGUOUS,LOW,incidents,HIGH,YES,NO,phrase:incident; phrase:recurrence; code:incident_; code:recurrence,V2 OVERRIDE: AMBIGUOUS -> incidents; MISPLACED in integrations
integrations/L5_engines/mcp_connector.py,integrations,L5 — Domain Engine,FULL,Model Context Protocol (MCP) tool invocation with governance,integrations,MEDIUM,AMBIGUOUS,LOW,NO,YES,Close: controls=7 vs account=6,
integrations/L5_engines/prevention_contract.py,integrations,L5 — Domain Engine,FULL,Prevention contract enforcement (validation logic),logs,LOW,AMBIGUOUS,LOW,NO,YES,Close: integrations=5 vs policies=4,MISPLACED: currently in integrations
integrations/L5_engines/retrieval_facade.py,integrations,L5 — Domain Engine,FULL,Retrieval Facade - Centralized access to mediated data retrieval,general,LOW,AMBIGUOUS,LOW,NO,YES,Close: integrations=8 vs logs=7,MISPLACED: currently in integrations
integrations/L5_engines/retrieval_mediator.py,integrations,L5 — Domain Engine,FULL,Unified mediation layer for all external data access,integrations,HIGH,integrations,HIGH,NO,NO,phrase:connector; phrase:external,
integrations/L5_engines/sql_gateway.py,integrations,L5 — Domain Engine,FULL,Template-based SQL queries (NO raw SQL from LLM),integrations,MEDIUM,AMBIGUOUS,LOW,NO,YES,Close: account=6 vs integrations=5,
integrations/L5_engines/types.py,integrations,L5 — Domain Engine,FULL,Canonical Credential dataclass for connector services,integrations,MEDIUM,integrations,HIGH,NO,NO,phrase:connector; phrase:external; code:connector,V2 confidence: MEDIUM -> HIGH
integrations/L5_schemas/audit_schemas.py,integrations,L5 — Domain Schemas,FULL,Audit trail dataclasses for integration bridges,logs,HIGH,logs,HIGH,NO,NO,phrase:audit trail; phrase:audit,MISPLACED: currently in integrations
integrations/L5_schemas/cost_snapshot_schemas.py,integrations,L5 — Domain Schemas,FULL,Cost snapshot dataclasses and enums,AMBIGUOUS,LOW,AMBIGUOUS,LOW,NO,YES,Close: incidents=5 vs overview=5,Needs manual review
integrations/L5_schemas/cus_schemas.py,integrations,L6 — Platform Substrate (Schemas),FULL,"Pydantic schemas for Customer Integration domain (LLM BYOK, SDK, RAG)",integrations,MEDIUM,overview,HIGH,YES,NO,phrase:dashboard; phrase:summary view; phrase:summary; code:dashboard,V2 OVERRIDE: integrations -> overview; MISPLACED in integrations
integrations/L5_schemas/datasource_model.py,integrations,L5 — Domain Engines,PARTIAL,CustomerDataSource - Customer data source models and registry.,AMBIGUOUS,LOW,account,MEDIUM,YES,NO,phrase:tenant; code:tenant_,V2 OVERRIDE: AMBIGUOUS -> account; MISPLACED in integrations
integrations/L5_schemas/loop_events.py,integrations,L5 — Domain Schemas,FULL,"Integration loop event definitions (dataclasses, enums)",integrations,MEDIUM,incidents,HIGH,YES,NO,phrase:incident; phrase:guard; code:incident_,V2 OVERRIDE: integrations -> incidents; MISPLACED in integrations
integrations/L5_vault/drivers/vault.py,integrations,L6 — Domain Driver,FULL,Credential vault abstraction with multiple provider support,integrations,MEDIUM,account,MEDIUM,YES,NO,phrase:tenant; code:tenant_,V2 OVERRIDE: integrations -> account; MISPLACED in integrations
integrations/L5_vault/engines/cus_credential_engine.py,integrations,L5 — Domain Engine,FULL,Credential encryption and vault integration engine for customer LLM integrations,integrations,MEDIUM,AMBIGUOUS,LOW,NO,YES,Close: integrations=7 vs account=6,
integrations/L5_vault/engines/service.py,integrations,L5 — Domain Engine,FULL,High-level credential service with validation and auditing,logs,MEDIUM,AMBIGUOUS,LOW,NO,YES,Close: account=6 vs logs=5,MISPLACED: currently in integrations
integrations/L6_drivers/bridges_driver.py,integrations,L6 — Domain Driver,FULL,Database operations for integration bridges,AMBIGUOUS,LOW,logs,HIGH,YES,NO,phrase:audit trail; phrase:audit; code:audit_,V2 OVERRIDE: AMBIGUOUS -> logs; MISPLACED in integrations
integrations/L6_drivers/connector_registry.py,integrations,L6 — Domain Driver,FULL,Connector management and registration,integrations,MEDIUM,AMBIGUOUS,LOW,NO,YES,Close: account=6 vs integrations=5,
integrations/L6_drivers/execution.py,integrations,L6 — Domain Driver,FULL,Real execution implementations for lifecycle stage handlers,integrations,MEDIUM,AMBIGUOUS,LOW,NO,YES,Close: account=6 vs integrations=5,
integrations/L6_drivers/external_response_driver.py,integrations,L6 — Domain Driver,FULL,External response persistence and interpretation driver,integrations,MEDIUM,integrations,HIGH,NO,NO,phrase:adapter; phrase:external; code:external_,V2 confidence: MEDIUM -> HIGH
integrations/L6_drivers/knowledge_plane.py,integrations,L6 — Domain Driver,FULL,Knowledge plane models and registry,AMBIGUOUS,LOW,AMBIGUOUS,LOW,NO,YES,Close: account=4 vs analytics=2,Needs manual review
logs/L3_adapters/export_bundle_adapter.py,logs,L3 — Boundary Adapter,FULL,Generate structured export bundles from incidents and traces,AMBIGUOUS,LOW,AMBIGUOUS,LOW,NO,YES,Close: incidents=10 vs activity=10,Needs manual review
logs/L5_engines/alert_fatigue.py,logs,L5 — Domain Engine,FULL,Alert deduplication and fatigue control (Redis-backed),controls,LOW,AMBIGUOUS,LOW,NO,YES,Close: controls=7 vs incidents=7,MISPLACED: currently in logs
logs/L5_engines/alerts_facade.py,logs,L5 — Domain Engine,FULL,Alerts Facade - Centralized access to alert operations,policies,LOW,account,MEDIUM,YES,NO,phrase:tenant; code:tenant_,V2 OVERRIDE: policies -> account; MISPLACED in logs
logs/L5_engines/audit_durability.py,logs,L5 — Domain Engine,FULL,RAC durability enforcement before acknowledgment,AMBIGUOUS,LOW,logs,MEDIUM,YES,NO,phrase:audit; code:audit_,V2 OVERRIDE: AMBIGUOUS -> logs
logs/L5_engines/audit_evidence.py,logs,L5 — Domain Engine,FULL,Emit compliance-grade audit for MCP tool calls,logs,MEDIUM,AMBIGUOUS,LOW,NO,YES,Close: logs=7 vs activity=6,
logs/L5_engines/audit_ledger_service.py,logs,L5 — Domain Engine,FULL,Sync audit ledger writer for governance events (incidents),logs,HIGH,logs,HIGH,NO,NO,phrase:audit ledger; phrase:append-only; phrase:audit,
logs/L5_engines/audit_reconciler.py,logs,L5 — Domain Engine,FULL,Reconcile audit expectations against acknowledgments,logs,MEDIUM,AMBIGUOUS,LOW,NO,YES,Close: logs=7 vs activity=6,
logs/L5_engines/certificate.py,logs,L5 — Domain Engine,FULL,Cryptographic certificate generation for deterministic replay,analytics,MEDIUM,logs,HIGH,YES,NO,phrase:proof; phrase:audit; code:audit_,V2 OVERRIDE: analytics -> logs
logs/L5_engines/completeness_checker.py,logs,L5 — Domain Engine,FULL,Evidence PDF completeness validation for SOC2 compliance,logs,MEDIUM,logs,HIGH,NO,NO,phrase:completeness; code:evidence_; code:completeness,V2 confidence: MEDIUM -> HIGH
logs/L5_engines/compliance_facade.py,logs,L5 — Domain Engine,FULL,Compliance Facade - Centralized access to compliance operations,policies,LOW,AMBIGUOUS,LOW,NO,YES,Close: account=6 vs policies=4,MISPLACED: currently in logs
logs/L5_engines/connectors_facade.py,logs,L5 — Domain Engine,FULL,Connectors Facade - Centralized access to connector operations,integrations,MEDIUM,AMBIGUOUS,LOW,NO,YES,Close: account=6 vs integrations=5,MISPLACED: currently in logs
logs/L5_engines/controls_facade.py,logs,L5 — Domain Engine,FULL,Controls Facade - Centralized access to control operations,controls,LOW,controls,HIGH,NO,NO,phrase:killswitch; phrase:control config; phrase:throttle; code:killswitch; code:circuit_breaker,V2 confidence: LOW -> HIGH
logs/L5_engines/datasources_facade.py,logs,L5 — Domain Engine,FULL,DataSources Facade - Centralized access to data source operations,AMBIGUOUS,LOW,account,MEDIUM,YES,NO,phrase:tenant; code:tenant_,V2 OVERRIDE: AMBIGUOUS -> account; MISPLACED in logs
logs/L5_engines/detection_facade.py,logs,L5 — Domain Engine,FULL,Detection Facade - Centralized access to anomaly detection operations,AMBIGUOUS,LOW,AMBIGUOUS,LOW,NO,YES,Close: incidents=7 vs activity=6,Needs manual review
logs/L5_engines/durability.py,logs,L5 — Domain Engine,FULL,RAC durability enforcement before acknowledgment,AMBIGUOUS,LOW,logs,MEDIUM,YES,NO,phrase:audit; code:audit_,V2 OVERRIDE: AMBIGUOUS -> logs
logs/L5_engines/evidence_facade.py,logs,L5 — Domain Engine,FULL,Evidence Facade - Centralized access to evidence and export operations,logs,LOW,AMBIGUOUS,LOW,NO,YES,Close: activity=6 vs incidents=4,
logs/L5_engines/evidence_report.py,logs,L5 — Domain Engine,FULL,Evidence report generator - Legal-grade PDF export,logs,MEDIUM,AMBIGUOUS,LOW,NO,YES,Close: overview=15 vs logs=13,
logs/L5_engines/export_completeness_checker.py,logs,L5 — Domain Engine,FULL,Export completeness validation for SOC2 compliance,logs,MEDIUM,logs,HIGH,NO,NO,phrase:completeness; code:evidence_; code:completeness,V2 confidence: MEDIUM -> HIGH
logs/L5_engines/lifecycle_facade.py,logs,L5 — Domain Engine,FULL,Lifecycle Facade - Centralized access to lifecycle operations,activity,MEDIUM,activity,HIGH,NO,NO,phrase:run lifecycle; phrase:run; code:run_,V2 confidence: MEDIUM -> HIGH
logs/L5_engines/logs_facade.py,logs,L5 — Domain Engine,FULL,Logs domain facade - unified entry point for all logs operations,AMBIGUOUS,LOW,activity,HIGH,YES,NO,phrase:llm run; phrase:trace step; phrase:run; phrase:trace; code:run_,V2 OVERRIDE: AMBIGUOUS -> activity; MISPLACED in logs
logs/L5_engines/logs_read_engine.py,logs,L5 — Domain Engine,FULL,Logs/Traces domain read operations (L5),activity,MEDIUM,activity,HIGH,NO,NO,phrase:run; phrase:trace; code:trace_,V2 confidence: MEDIUM -> HIGH
logs/L5_engines/monitors_facade.py,logs,L5 — Domain Engine,FULL,Monitors Facade - Centralized access to monitoring operations,AMBIGUOUS,LOW,AMBIGUOUS,LOW,NO,YES,Close: activity=6 vs account=6,Needs manual review
logs/L5_engines/notifications_facade.py,logs,L5 — Domain Engine,FULL,Notifications Facade - Centralized access to notification operations,AMBIGUOUS,LOW,AMBIGUOUS,LOW,NO,YES,Close: account=6 vs integrations=4,Needs manual review
logs/L5_engines/panel_response_assembler.py,logs,L5 — Domain Engine,FULL,Assemble final panel response envelope,AMBIGUOUS,LOW,integrations,MEDIUM,YES,NO,phrase:adapter; code:adapter_,V2 OVERRIDE: AMBIGUOUS -> integrations; MISPLACED in logs
logs/L5_engines/panel_slot_evaluator.py,logs,L5 — Domain Engine,FULL,Evaluate individual panel slots,AMBIGUOUS,LOW,incidents,MEDIUM,YES,NO,phrase:severity; phrase:incident,V2 OVERRIDE: AMBIGUOUS -> incidents; MISPLACED in logs
logs/L5_engines/pdf_renderer.py,logs,L5 — Domain Engine,FULL,Render export bundles to PDF format,AMBIGUOUS,LOW,AMBIGUOUS,LOW,NO,YES,Close: activity=6 vs overview=4,Needs manual review
logs/L5_engines/reconciler.py,logs,L5 — Domain Engine,FULL,Reconcile audit expectations against acknowledgments,logs,MEDIUM,AMBIGUOUS,LOW,NO,YES,Close: logs=7 vs activity=6,
logs/L5_engines/redact.py,logs,L5 — Domain Engine,FULL,Trace data redaction for security,activity,MEDIUM,AMBIGUOUS,LOW,NO,YES,Close: activity=6 vs apis=4,MISPLACED: currently in logs
logs/L5_engines/replay_determinism.py,logs,L5 — Domain Engine,FULL,Replay determinism validation for LLM calls — CANONICAL DEFINITIONS,AMBIGUOUS,LOW,AMBIGUOUS,LOW,NO,YES,Close: apis=5 vs policies=4,Needs manual review
logs/L5_engines/retrieval_facade.py,logs,L5 — Domain Engine,FULL,Retrieval Facade - Centralized access to mediated data retrieval,logs,LOW,AMBIGUOUS,LOW,NO,YES,Close: integrations=8 vs logs=7,
logs/L5_engines/retrieval_mediator.py,logs,L5 — Domain Engine,FULL,Unified mediation layer for all external data access,integrations,HIGH,integrations,HIGH,NO,NO,phrase:connector; phrase:external,MISPLACED: currently in logs
logs/L5_engines/scheduler_facade.py,logs,L5 — Domain Engine,FULL,Scheduler Facade - Centralized access to job scheduling operations,AMBIGUOUS,LOW,activity,HIGH,YES,NO,phrase:run history; phrase:run; code:run_,V2 OVERRIDE: AMBIGUOUS -> activity; MISPLACED in logs
logs/L5_engines/service.py,logs,L5 — Domain Engine,FULL,High-level credential service with validation and auditing,logs,MEDIUM,AMBIGUOUS,LOW,NO,YES,Close: account=6 vs logs=5,
logs/L5_engines/trace_facade.py,logs,L5 — Domain Engine,FULL,Trace Domain Facade - Centralized access to trace operations with RAC acks,activity,MEDIUM,activity,HIGH,NO,NO,phrase:run; phrase:trace; code:run_; code:trace_,V2 confidence: MEDIUM -> HIGH
logs/L5_engines/traces_metrics.py,logs,L5 — Domain Engine,FULL,Trace metrics collection (Prometheus),activity,MEDIUM,AMBIGUOUS,LOW,NO,YES,Close: activity=6 vs account=6,MISPLACED: currently in logs
logs/L5_engines/traces_models.py,logs,L5 — Domain Engine,FULL,Trace data models (dataclasses),activity,MEDIUM,activity,HIGH,NO,NO,phrase:trace step; phrase:run; phrase:trace,V2 confidence: MEDIUM -> HIGH
logs/L5_schemas/audit_models.py,logs,L6 — Driver,PARTIAL,Runtime Audit Contract models,AMBIGUOUS,LOW,activity,HIGH,YES,NO,phrase:run; phrase:trace; code:run_,V2 OVERRIDE: AMBIGUOUS -> activity; MISPLACED in logs
logs/L5_schemas/models.py,logs,L5 — Domain Engine,PARTIAL,Runtime Audit Contract models,AMBIGUOUS,LOW,activity,HIGH,YES,NO,phrase:run; phrase:trace; code:run_,V2 OVERRIDE: AMBIGUOUS -> activity; MISPLACED in logs
logs/L6_drivers/audit_ledger_service_async.py,logs,L6 — Domain Driver,FULL,Async audit ledger writer for governance events,logs,HIGH,logs,HIGH,NO,NO,phrase:audit ledger; phrase:append-only; phrase:audit,
logs/L6_drivers/audit_store.py,logs,L6 — Domain Driver,FULL,Storage for audit expectations and acknowledgments,logs,MEDIUM,AMBIGUOUS,LOW,NO,YES,Close: logs=7 vs activity=6,
logs/L6_drivers/export_bundle_store.py,logs,L6 — Domain Driver,FULL,"Database operations for export bundle data (incidents, runs, traces)",activity,HIGH,activity,HIGH,NO,NO,phrase:run; phrase:trace,MISPLACED: currently in logs
logs/L6_drivers/idempotency.py,logs,L6 — Domain Driver,FULL,Trace idempotency enforcement (Redis + Lua scripts),AMBIGUOUS,LOW,AMBIGUOUS,LOW,NO,YES,Close: activity=6 vs account=6,Needs manual review
logs/L6_drivers/integrity.py,logs,L6 — Domain Driver,FULL,Integrity computation with separated concerns,AMBIGUOUS,LOW,logs,HIGH,YES,NO,phrase:evidence record; phrase:completeness; code:evidence_; code:completeness,V2 OVERRIDE: AMBIGUOUS -> logs
logs/L6_drivers/job_execution.py,logs,L6 — Domain Driver,FULL,"Job execution support services (retry, progress, audit)",AMBIGUOUS,LOW,logs,HIGH,YES,NO,phrase:audit trail; phrase:audit; code:audit_,V2 OVERRIDE: AMBIGUOUS -> logs
logs/L6_drivers/logs_domain_store.py,logs,L6 — Domain Driver,FULL,"Database operations for Logs domain (LLM runs, system records, audit ledger)",AMBIGUOUS,LOW,activity,HIGH,YES,NO,phrase:llm run; phrase:trace step; phrase:run; phrase:trace; code:run_,V2 OVERRIDE: AMBIGUOUS -> activity; MISPLACED in logs
logs/L6_drivers/panel_consistency_checker.py,logs,L6 — Domain Driver,FULL,Cross-slot consistency enforcement,AMBIGUOUS,LOW,AMBIGUOUS,LOW,NO,YES,Close: policies=1 vs incidents=1,Needs manual review
logs/L6_drivers/pg_store.py,logs,L6 — Domain Driver,FULL,PostgreSQL trace storage,activity,MEDIUM,activity,HIGH,NO,NO,phrase:trace step; phrase:run; phrase:trace; code:run_; code:trace_,V2 confidence: MEDIUM -> HIGH
logs/L6_drivers/replay.py,logs,L6 — Domain Driver,FULL,Trace replay execution,AMBIGUOUS,LOW,AMBIGUOUS,LOW,NO,YES,Close: account=6 vs activity=4,Needs manual review
logs/L6_drivers/store.py,logs,L6 — Domain Driver,FULL,Storage for audit expectations and acknowledgments,logs,MEDIUM,AMBIGUOUS,LOW,NO,YES,Close: logs=7 vs activity=6,
logs/L6_drivers/traces_store.py,logs,L6 — Domain Driver,FULL,Trace store abstraction,activity,MEDIUM,activity,HIGH,NO,NO,phrase:run; phrase:trace; code:run_; code:trace_,V2 confidence: MEDIUM -> HIGH
overview/L5_engines/overview_facade.py,overview,L5 — Domain Engine,FULL,Overview Engine - Centralized access to overview domain operations,AMBIGUOUS,LOW,overview,HIGH,YES,NO,phrase:overview; phrase:snapshot; phrase:summary; code:overview_; code:snapshot,V2 OVERRIDE: AMBIGUOUS -> overview
overview/L6_drivers/overview_facade_driver.py,overview,L6 — Domain Driver,FULL,Overview Facade Driver - Pure data access for overview aggregation,AMBIGUOUS,LOW,activity,HIGH,YES,NO,phrase:llm run; phrase:worker run; phrase:run; code:run_; code:activity_,V2 OVERRIDE: AMBIGUOUS -> activity; MISPLACED in overview
policies/L5_controls/drivers/killswitch_read_driver.py,policies,L6 — Driver,FULL,Data access for killswitch read operations,controls,MEDIUM,incidents,HIGH,YES,NO,phrase:incident; phrase:guard; code:incident_,V2 OVERRIDE: controls -> incidents; MISPLACED in policies
policies/L5_controls/drivers/runtime_switch.py,policies,L5 — Domain Engine,FULL,Runtime toggle for governance enforcement (pure state logic),AMBIGUOUS,LOW,AMBIGUOUS,LOW,NO,YES,Close: logs=5 vs policies=4,Needs manual review
policies/L5_controls/engines/customer_killswitch_read_engine.py,policies,L5 — Domain Engine,FULL,Customer killswitch read operations (L5 engine over L6 driver),controls,MEDIUM,AMBIGUOUS,LOW,NO,YES,Close: incidents=7 vs controls=5,MISPLACED: currently in policies
policies/L5_controls/engines/degraded_mode_checker.py,policies,L4 — Domain Engines,PARTIAL,Governance degraded mode checker with incident response,incidents,MEDIUM,AMBIGUOUS,LOW,NO,YES,Close: incidents=9 vs logs=8,MISPLACED: currently in policies
policies/L5_engines/ast.py,policies,L5 — Domain Engine,FULL,"Policy DSL AST node definitions (immutable, typed)",policies,LOW,logs,HIGH,YES,NO,phrase:audit trail; phrase:audit,V2 OVERRIDE: policies -> logs; MISPLACED in policies
policies/L5_engines/audit_engine.py,policies,L8 — Catalyst / Verification,FULL,Audit Engine - verifies job execution against contract intent,logs,MEDIUM,AMBIGUOUS,LOW,NO,YES,Close: apis=10 vs activity=8,MISPLACED: currently in policies
policies/L5_engines/audit_evidence.py,policies,L5 — Domain Engine,FULL,Emit compliance-grade audit for MCP tool calls (pure logic),logs,MEDIUM,AMBIGUOUS,LOW,NO,YES,Close: logs=7 vs activity=6,MISPLACED: currently in policies
policies/L5_engines/authority_checker.py,policies,L5 — Domain Engine,FULL,Check override authority before policy enforcement,policies,MEDIUM,policies,MEDIUM,NO,NO,phrase:policy enforcement; code:policy_,
policies/L5_engines/billing_provider.py,policies,L5 — Domain Engine,FULL,Phase-6 BillingProvider protocol and MockBillingProvider,account,MEDIUM,account,HIGH,NO,NO,phrase:tenant; phrase:billing; code:tenant_; code:billing,V2 confidence: MEDIUM -> HIGH
policies/L5_engines/binding_moment_enforcer.py,policies,L5 — Domain Engine,FULL,Enforce binding moments - when policies are evaluated,AMBIGUOUS,LOW,activity,MEDIUM,YES,NO,phrase:run; code:run_,V2 OVERRIDE: AMBIGUOUS -> activity; MISPLACED in policies
policies/L5_engines/budget_enforcement_engine.py,policies,L4 — Domain Engine (System Truth),PARTIAL,Budget enforcement decision-making (domain logic),AMBIGUOUS,LOW,AMBIGUOUS,LOW,NO,YES,Close: activity=6 vs account=6,Needs manual review
policies/L5_engines/certificate.py,policies,L3 — Boundary Adapter (Console → Platform),PARTIAL,,UNKNOWN,LOW,logs,HIGH,YES,NO,phrase:proof; phrase:audit; code:audit_,V2 OVERRIDE: UNKNOWN -> logs; MISPLACED in policies
policies/L5_engines/claim_decision_engine.py,policies,L4 — Domain Engine (System Truth),PARTIAL,Domain engine for recovery claim decisions.,AMBIGUOUS,LOW,logs,LOW,NO,NO,,Needs manual review
policies/L5_engines/compiler_parser.py,policies,L5 — Domain Engine,FULL,Policy language parser,policies,LOW,policies,MEDIUM,NO,NO,code:policy_; code:rule_,V2 confidence: LOW -> MEDIUM
policies/L5_engines/constraint_checker.py,policies,L5 — Domain Engine,FULL,Enforce MonitorConfig inspection constraints before logging,AMBIGUOUS,LOW,AMBIGUOUS,LOW,NO,YES,Close: overview=5 vs logs=3,Needs manual review
policies/L5_engines/content_accuracy.py,policies,L5 — Domain Engine,FULL,Policy content accuracy validation (pure logic),AMBIGUOUS,LOW,AMBIGUOUS,LOW,NO,YES,Close: apis=4 vs general=2,Needs manual review
policies/L5_engines/contract_engine.py,policies,L5 — Domain Engine,FULL,Contract Engine - stateful contract state machine (pure business logic),logs,LOW,logs,HIGH,NO,NO,phrase:proof; phrase:audit; code:audit_,V2 confidence: LOW -> HIGH
policies/L5_engines/control_registry.py,policies,L5 — Domain Engine,FULL,SOC2 Trust Service Criteria control registry,controls,LOW,incidents,MEDIUM,YES,NO,phrase:incident; code:incident_,V2 OVERRIDE: controls -> incidents; MISPLACED in policies
policies/L5_engines/controls_facade.py,policies,L5 — Domain Engine,FULL,Controls Facade - Centralized access to control operations,controls,LOW,controls,HIGH,NO,NO,phrase:killswitch; phrase:control config; phrase:throttle; code:killswitch; code:circuit_breaker,V2 confidence: LOW -> HIGH
policies/L5_engines/cus_enforcement_service.py,policies,L5 — Domain Engine,FULL,Customer enforcement service - LLM integration policy enforcement,AMBIGUOUS,LOW,AMBIGUOUS,LOW,NO,YES,Close: policies=4 vs integrations=4,Needs manual review
policies/L5_engines/customer_policy_read_engine.py,policies,L5 — Domain Engine,FULL,Customer policy domain read operations with business logic (pure logic),AMBIGUOUS,LOW,AMBIGUOUS,LOW,NO,YES,Close: controls=8 vs policies=6,Needs manual review
policies/L5_engines/dag_sorter.py,policies,L5 — Domain Engine,FULL,Policy DAG topological sorting (pure algorithm),AMBIGUOUS,LOW,AMBIGUOUS,LOW,NO,YES,Close: policies=5 vs general=3,Needs manual review
policies/L5_engines/decisions.py,policies,L5 — Domain Engine,FULL,Phase-7 Decision enum and result types,AMBIGUOUS,LOW,controls,HIGH,YES,NO,phrase:rate limit; phrase:cost limit; phrase:throttle; code:throttle,V2 OVERRIDE: AMBIGUOUS -> controls; MISPLACED in policies
policies/L5_engines/decorator.py,policies,L5 — Domain Engine,FULL,Optional ergonomic decorator over ExecutionKernel,AMBIGUOUS,LOW,account,MEDIUM,YES,NO,phrase:tenant; code:tenant_,V2 OVERRIDE: AMBIGUOUS -> account; MISPLACED in policies
policies/L5_engines/degraded_mode.py,policies,L5 — Domain Engine,FULL,Degraded mode for governance system (pure state logic),logs,LOW,activity,MEDIUM,YES,NO,phrase:run; code:run_,V2 OVERRIDE: logs -> activity; MISPLACED in policies
policies/L5_engines/deterministic_engine.py,policies,L5 — Domain Engine,FULL,Deterministic policy execution engine,policies,LOW,logs,MEDIUM,YES,NO,phrase:audit trail; phrase:audit,V2 OVERRIDE: policies -> logs; MISPLACED in policies
policies/L5_engines/dsl_parser.py,policies,L5 — Domain Engine,FULL,Policy DSL text parser (DSL → AST) - pure parsing,policies,LOW,apis,MEDIUM,YES,NO,phrase:scope; code:scope_,V2 OVERRIDE: policies -> apis; MISPLACED in policies
policies/L5_engines/eligibility_engine.py,policies,L5 — Domain Engine,FULL,"Eligibility Engine - pure rules, deterministic gating",policies,LOW,AMBIGUOUS,LOW,NO,YES,Close: apis=6 vs general=5,
policies/L5_engines/engine.py,policies,L5 — Domain Engine,FULL,Policy rule evaluation engine,policies,MEDIUM,policies,HIGH,NO,NO,phrase:policy evaluation; phrase:policy rule; phrase:policy version; code:policy_; code:rule_,V2 confidence: MEDIUM -> HIGH
policies/L5_engines/fatigue_controller.py,policies,L5 — Domain Engine,FULL,"Alert fatigue management (pure logic, no DB access)",logs,LOW,AMBIGUOUS,LOW,NO,YES,Close: account=6 vs controls=5,MISPLACED: currently in policies
policies/L5_engines/folds.py,policies,L5 — Domain Engine,FULL,Policy constant folding optimizations (pure logic),AMBIGUOUS,LOW,AMBIGUOUS,LOW,NO,YES,Close: policies=5 vs activity=4,Needs manual review
policies/L5_engines/governance_facade.py,policies,L6 — Driver,FULL,Governance Facade - Centralized access to governance control operations,controls,LOW,AMBIGUOUS,LOW,NO,YES,Close: controls=6 vs general=5,MISPLACED: currently in policies
policies/L5_engines/governance_orchestrator.py,policies,L5 — Domain Engine,FULL,Governance Orchestrator - orchestrates contract execution,general,HIGH,general,HIGH,NO,NO,phrase:governance orchestrat; phrase:orchestrator,MISPLACED: currently in policies
policies/L5_engines/grammar.py,policies,L5 — Domain Engine,FULL,Policy language grammar definitions (pure definitions),policies,LOW,AMBIGUOUS,LOW,NO,YES,Close: policies=6 vs apis=4,
policies/L5_engines/hallucination_detector.py,policies,L5 — Domain Engine,FULL,Detect potential hallucinations in LLM outputs (non-blocking),AMBIGUOUS,LOW,incidents,HIGH,YES,NO,phrase:severity; phrase:incident; code:incident_; code:severity_,V2 OVERRIDE: AMBIGUOUS -> incidents; MISPLACED in policies
policies/L5_engines/intent.py,policies,L5 — Domain Engine,FULL,Policy intent model and declaration,policies,LOW,AMBIGUOUS,LOW,NO,YES,Close: logs=5 vs activity=4,
policies/L5_engines/interpreter.py,policies,L5 — Domain Engine,FULL,Policy DSL Interpreter (pure IR evaluation),policies,LOW,AMBIGUOUS,LOW,NO,YES,Close: activity=4 vs general=2,
policies/L5_engines/ir_builder.py,policies,L5 — Domain Engine,FULL,Policy intermediate representation builder,policies,LOW,AMBIGUOUS,LOW,NO,YES,Close: policies=6 vs activity=4,
policies/L5_engines/ir_compiler.py,policies,L5 — Domain Engine,FULL,Policy DSL IR Compiler (AST → bytecode) - pure compilation logic,AMBIGUOUS,LOW,logs,MEDIUM,YES,NO,phrase:audit,V2 OVERRIDE: AMBIGUOUS -> logs; MISPLACED in policies
policies/L5_engines/ir_nodes.py,policies,L5 — Domain Engine,FULL,Policy IR node definitions (pure data structures),policies,LOW,AMBIGUOUS,LOW,NO,YES,Close: policies=5 vs activity=4,
policies/L5_engines/job_executor.py,policies,L5 — Execution & Workers,FULL,Job Executor - executes job steps and emits evidence,logs,LOW,AMBIGUOUS,LOW,NO,YES,Close: logs=5 vs apis=4,MISPLACED: currently in policies
policies/L5_engines/kernel.py,policies,L5 — Domain Engine,FULL,Mandatory execution kernel - single choke point for all EXECUTE power,AMBIGUOUS,LOW,logs,MEDIUM,YES,NO,phrase:audit,V2 OVERRIDE: AMBIGUOUS -> logs; MISPLACED in policies
policies/L5_engines/keys_shim.py,policies,L4 — Domain Engine (DEPRECATED SHIM),FULL,API Keys domain operations — delegates to L6 driver,apis,HIGH,apis,HIGH,NO,NO,phrase:api key; phrase:key,MISPLACED: currently in policies
policies/L5_engines/kill_switch.py,policies,L5 — Domain Engine,FULL,Runtime kill switch for governance bypass (pure state logic),activity,MEDIUM,AMBIGUOUS,LOW,NO,YES,Close: general=5 vs controls=5,MISPLACED: currently in policies
policies/L5_engines/limits.py,policies,L5 — Domain Engine,FULL,"Phase-6 Limits derivation (code only, not stored)",controls,LOW,apis,MEDIUM,YES,NO,phrase:key,V2 OVERRIDE: controls -> apis; MISPLACED in policies
policies/L5_engines/limits_facade.py,policies,L5 — Domain Engine,FULL,Limits Facade - Centralized access to rate limits and quotas,controls,HIGH,controls,HIGH,NO,NO,phrase:rate limit; phrase:quota,MISPLACED: currently in policies
policies/L5_engines/limits_simulation_service.py,policies,L5 — Domain Engine,FULL,Limits simulation service - pre-execution limit checks,controls,LOW,account,MEDIUM,YES,NO,phrase:tenant,V2 OVERRIDE: controls -> account; MISPLACED in policies
policies/L5_engines/llm_policy_engine.py,policies,L5 — Domain Engine,FULL,LLM policy and safety limits enforcement (pure logic),AMBIGUOUS,LOW,AMBIGUOUS,LOW,NO,YES,Close: account=6 vs controls=5,Needs manual review
policies/L5_engines/mapper.py,policies,L5 — Domain Engine,FULL,Map incidents to relevant SOC2 controls,incidents,MEDIUM,AMBIGUOUS,LOW,NO,YES,Close: incidents=10 vs activity=10,MISPLACED: currently in policies
policies/L5_engines/mcp_connector.py,policies,L5 — Domain Engine,FULL,Model Context Protocol (MCP) tool invocation with governance,AMBIGUOUS,LOW,AMBIGUOUS,LOW,NO,YES,Close: controls=7 vs integrations=5,Needs manual review
policies/L5_engines/nodes.py,policies,L5 — Domain Engine,FULL,Policy AST node definitions (pure data structures),policies,LOW,AMBIGUOUS,LOW,NO,YES,Close: policies=6 vs activity=4,
policies/L5_engines/phase_status_invariants.py,policies,L5 — Domain Engine,FULL,Phase-status invariant enforcement from GovernanceConfig,controls,LOW,activity,MEDIUM,YES,NO,phrase:run,V2 OVERRIDE: controls -> activity; MISPLACED in policies
policies/L5_engines/plan.py,policies,L5 — Domain Engine,FULL,"Phase-6 Plan model (abstract, no DB persistence)",AMBIGUOUS,LOW,account,MEDIUM,YES,NO,phrase:tenant,V2 OVERRIDE: AMBIGUOUS -> account; MISPLACED in policies
policies/L5_engines/plan_generation_engine.py,policies,L4 — Domain Engine (System Truth),PARTIAL,Plan generation (domain logic),logs,LOW,AMBIGUOUS,LOW,NO,YES,Close: activity=4 vs controls=3,MISPLACED: currently in policies
policies/L5_engines/policies_facade.py,policies,L5 — Domain Engine,FULL,Policies facade - unified entry point for policy management,policies,LOW,AMBIGUOUS,LOW,NO,YES,Close: controls=4 vs overview=4,
policies/L5_engines/policies_limits_query_engine.py,policies,L5 — Domain Engine,FULL,Limits query engine - read-only operations for limits,controls,LOW,AMBIGUOUS,LOW,NO,YES,Close: controls=6 vs overview=4,MISPLACED: currently in policies
policies/L5_engines/policies_proposals_query_engine.py,policies,L5 — Domain Engine,FULL,Proposals query engine - read-only operations for policy proposals list,policies,MEDIUM,policies,MEDIUM,NO,NO,phrase:policy proposal; code:policy_,
policies/L5_engines/policies_rules_query_engine.py,policies,L5 — Domain Engine,FULL,Policy rules query engine - read-only operations for policy rules,policies,MEDIUM,policies,HIGH,NO,NO,phrase:policy rule; code:policy_; code:rule_,V2 confidence: MEDIUM -> HIGH
policies/L5_engines/policy_command.py,policies,L4 — Domain Engine (Command Facade),PARTIAL,Policy evaluation and decision authority,policies,MEDIUM,AMBIGUOUS,LOW,NO,YES,Close: policies=7 vs analytics=7,
policies/L5_engines/policy_conflict_resolver.py,policies,L5 — Domain Engine,FULL,Resolve conflicts when multiple policies trigger different actions (pure logic),logs,LOW,AMBIGUOUS,LOW,NO,YES,Close: activity=6 vs incidents=5,MISPLACED: currently in policies
policies/L5_engines/policy_driver.py,policies,L5 — Domain Engine,FULL,Policy Domain Driver - Internal orchestration for policy operations,AMBIGUOUS,LOW,policies,HIGH,YES,NO,phrase:policy evaluation; phrase:policy version; code:policy_; code:policyengine; code:policydriver,V2 OVERRIDE: AMBIGUOUS -> policies
policies/L5_engines/policy_graph_engine.py,policies,L5 — Domain Engine,FULL,Policy conflict detection and dependency graph computation,AMBIGUOUS,LOW,controls,HIGH,YES,NO,phrase:rate limit; phrase:quota; phrase:budget; code:quota; code:limit_,V2 OVERRIDE: AMBIGUOUS -> controls; MISPLACED in policies
policies/L5_engines/policy_limits_engine.py,policies,L5 — Domain Engine,FULL,Policy limits CRUD engine (PIN-LIM-01) - pure business logic,AMBIGUOUS,LOW,logs,HIGH,YES,NO,phrase:audit; code:audit_; code:ledger,V2 OVERRIDE: AMBIGUOUS -> logs; MISPLACED in policies
policies/L5_engines/policy_mapper.py,policies,L5 — Domain Engine,FULL,Map MCP tool invocations to policy gates,policies,LOW,AMBIGUOUS,LOW,NO,YES,Close: controls=7 vs account=6,
policies/L5_engines/policy_models.py,policies,L5 — Domain Engine,FULL,Policy domain models and types,policies,LOW,policies,HIGH,NO,NO,phrase:policy definition; phrase:policy evaluation; code:rule_,V2 confidence: LOW -> HIGH
policies/L5_engines/policy_proposal_engine.py,policies,L5 — Domain Engine,FULL,Policy proposal lifecycle engine - manages proposal state machine,policies,MEDIUM,policies,HIGH,NO,NO,phrase:policy proposal; phrase:policy rule; code:policy_; code:rule_; code:proposal_,V2 confidence: MEDIUM -> HIGH
policies/L5_engines/policy_rules_engine.py,policies,L5 — Domain Engine,FULL,Policy rules CRUD engine (PIN-LIM-02) - pure business logic,policies,MEDIUM,AMBIGUOUS,LOW,NO,YES,Close: policies=9 vs logs=9,
policies/L5_engines/prevention_engine.py,policies,L5 — Domain Engine,FULL,Policy prevention engine for runtime enforcement,AMBIGUOUS,LOW,policies,HIGH,YES,NO,phrase:policy definition; phrase:policy evaluation; phrase:policy rule; code:policy_,V2 OVERRIDE: AMBIGUOUS -> policies
policies/L5_engines/prevention_hook.py,policies,L5 — Domain Engine,FULL,Prevention hook for policy enforcement,policies,MEDIUM,AMBIGUOUS,LOW,NO,YES,Close: account=6 vs policies=4,
policies/L5_engines/profile.py,policies,L5 — Domain Engine,FULL,Governance Profile configuration and validation,controls,LOW,controls,MEDIUM,NO,NO,phrase:feature flag,V2 confidence: LOW -> MEDIUM
policies/L5_engines/protection_provider.py,policies,L5 — Domain Engine,FULL,Phase-7 AbuseProtectionProvider protocol and MockAbuseProtectionProvider,AMBIGUOUS,LOW,AMBIGUOUS,LOW,NO,YES,Close: account=11 vs controls=10,Needs manual review
policies/L5_engines/replay_determinism.py,policies,L5 — Domain Engine,FULL,Replay determinism semantics (policy decision validation),policies,LOW,AMBIGUOUS,LOW,NO,YES,Close: apis=5 vs policies=4,
policies/L5_engines/rollout_projection.py,policies,L4 — Domain Engine (Projection),PARTIAL,Rollout Projection - read-only projection of audited truth,logs,MEDIUM,AMBIGUOUS,LOW,NO,YES,Close: logs=9 vs apis=8,MISPLACED: currently in policies
policies/L5_engines/run_governance_facade.py,policies,L3 — Adapter,FULL,Run Governance Facade - Centralized access to governance operations for runs,activity,MEDIUM,AMBIGUOUS,LOW,NO,YES,Close: logs=7 vs policies=6,MISPLACED: currently in policies
policies/L5_engines/runtime_command.py,policies,L5 — Domain Engine,FULL,Runtime domain commands and query logic (pure logic),activity,MEDIUM,activity,MEDIUM,NO,NO,phrase:run; code:execution_,MISPLACED: currently in policies
policies/L5_engines/sandbox_engine.py,policies,L5 — Domain Engine,FULL,High-level sandbox engine with policy enforcement (pure business logic),policies,MEDIUM,activity,HIGH,YES,NO,phrase:run; phrase:execution record; code:run_; code:execution_,V2 OVERRIDE: policies -> activity; MISPLACED in policies
policies/L5_engines/snapshot_engine.py,policies,L5 — Domain Engine,FULL,Policy snapshot immutability engine (pure business logic),AMBIGUOUS,LOW,account,MEDIUM,YES,NO,phrase:tenant; code:tenant_,V2 OVERRIDE: AMBIGUOUS -> account; MISPLACED in policies
policies/L5_engines/state.py,policies,L5 — Domain Engine,FULL,Phase-6 Billing State enum (pure enum definitions),account,MEDIUM,account,HIGH,NO,NO,phrase:tenant; phrase:billing; code:billing,V2 confidence: MEDIUM -> HIGH
policies/L5_engines/tokenizer.py,policies,L5 — Domain Engine,FULL,Policy language tokenizer (pure lexical analysis),policies,LOW,AMBIGUOUS,LOW,NO,YES,Close: policies=5 vs apis=4,
policies/L5_engines/validator.py,policies,L5 — Domain Engine,FULL,Policy DSL semantic validator (pure validation logic),AMBIGUOUS,LOW,AMBIGUOUS,LOW,NO,YES,Close: incidents=3 vs policies=2,Needs manual review
policies/L5_engines/validator_engine.py,policies,L5 — Domain Engine,FULL,"Issue Validator - pure analysis, advisory verdicts (pure business logic)",logs,LOW,AMBIGUOUS,LOW,NO,YES,Close: incidents=6 vs integrations=4,MISPLACED: currently in policies
policies/L5_engines/visitors.py,policies,L5 — Domain Engine,FULL,Policy AST visitor pattern implementations,policies,LOW,policies,MEDIUM,NO,NO,code:policy_; code:rule_,V2 confidence: LOW -> MEDIUM
policies/L5_engines/worker_execution_command.py,policies,L4 — Domain Engine (Command Facade),PARTIAL,Worker execution authorization and delegation,AMBIGUOUS,LOW,AMBIGUOUS,LOW,NO,YES,Close: activity=4 vs analytics=3,Needs manual review
policies/L5_schemas/overrides.py,policies,L5 — Domain Schema,PARTIAL,Limit override request/response schemas,controls,LOW,controls,LOW,NO,NO,,MISPLACED: currently in policies
policies/L5_schemas/policy_limits.py,policies,L5 — Domain Schema,PARTIAL,Policy limits request/response schemas,AMBIGUOUS,LOW,controls,HIGH,YES,NO,phrase:rate limit; phrase:limit enforcement; phrase:budget,V2 OVERRIDE: AMBIGUOUS -> controls; MISPLACED in policies
policies/L5_schemas/policy_rules.py,policies,L5 — Domain Schema,PARTIAL,Policy rules request/response schemas,policies,MEDIUM,AMBIGUOUS,LOW,NO,YES,Close: policies=5 vs logs=4,
policies/L5_schemas/retry.py,policies,L6 — Platform Substrate,PARTIAL,Retry API schemas,apis,LOW,AMBIGUOUS,LOW,NO,YES,Close: policies=1 vs controls=1,MISPLACED: currently in policies
policies/L5_schemas/simulation.py,policies,L5 — Domain Schema,PARTIAL,Limit simulation request/response schemas,controls,LOW,AMBIGUOUS,LOW,NO,YES,Close: controls=7 vs activity=6,MISPLACED: currently in policies
policies/L6_drivers/alert_emitter.py,policies,L6 — Domain Driver,FULL,Emit alerts for near-threshold and breach events — L6 DOES NOT COMMIT,AMBIGUOUS,LOW,AMBIGUOUS,LOW,NO,YES,Close: controls=6 vs activity=6,Needs manual review
policies/L6_drivers/arbitrator.py,policies,L6 — Domain Driver,FULL,Resolve conflicts between multiple applicable policies,AMBIGUOUS,LOW,AMBIGUOUS,LOW,NO,YES,Close: account=6 vs overview=5,Needs manual review
policies/L6_drivers/budget_enforcement_driver.py,policies,L6 — Data Access Driver,FULL,Budget enforcement data access operations,AMBIGUOUS,LOW,AMBIGUOUS,LOW,NO,YES,Close: activity=6 vs controls=4,Needs manual review
policies/L6_drivers/capture.py,policies,L6 — Domain Driver,FULL,Taxonomy evidence capture service (ctx-aware) — L6 DOES NOT COMMIT,AMBIGUOUS,LOW,AMBIGUOUS,LOW,NO,YES,Close: policies=7 vs incidents=6,Needs manual review
policies/L6_drivers/cross_domain.py,policies,L6 — Domain Driver,FULL,Cross-Domain Governance - Mandatory data integrity functions,incidents,MEDIUM,AMBIGUOUS,LOW,NO,YES,Close: controls=12 vs incidents=11,MISPLACED: currently in policies
policies/L6_drivers/dag_executor.py,policies,L6 — Domain Driver,FULL,DAG-based parallel policy executor,policies,LOW,AMBIGUOUS,LOW,NO,YES,Close: logs=8 vs activity=6,
policies/L6_drivers/governance_signal_driver.py,policies,L6 — Domain Driver,FULL,Governance signal persistence service,AMBIGUOUS,LOW,AMBIGUOUS,LOW,NO,YES,Close: general=6 vs apis=4,Needs manual review
policies/L6_drivers/keys_driver.py,policies,L6 — Domain Driver,FULL,API Keys data access operations,apis,HIGH,apis,HIGH,NO,NO,phrase:api key; phrase:key,MISPLACED: currently in policies
policies/L6_drivers/limits_read_driver.py,policies,L6 — Data Access Driver,FULL,Read operations for limits,controls,LOW,controls,MEDIUM,NO,NO,phrase:budget; code:limit_,V2 confidence: LOW -> MEDIUM
policies/L6_drivers/llm_threshold_driver.py,policies,L6 — Domain Driver,FULL,LLM run threshold resolution and evaluation,activity,HIGH,activity,HIGH,NO,NO,phrase:llm run; phrase:run,MISPLACED: currently in policies
policies/L6_drivers/optimizer_conflict_resolver.py,policies,L6 — Domain Driver,FULL,Policy conflict resolution,policies,LOW,AMBIGUOUS,LOW,NO,YES,Close: policies=5 vs apis=4,
policies/L6_drivers/orphan_recovery.py,policies,L6 — Domain Driver,FULL,"Orphan detection logic, PB-S2 truth guarantee",activity,MEDIUM,overview,HIGH,YES,NO,phrase:dashboard; phrase:summary; code:dashboard,V2 OVERRIDE: activity -> overview; MISPLACED in policies
policies/L6_drivers/override_driver.py,policies,L6 — Domain Driver,FULL,Limit override driver (PIN-LIM-05) - DB boundary crossing,controls,LOW,AMBIGUOUS,LOW,NO,YES,Close: controls=7 vs account=6,MISPLACED: currently in policies
policies/L6_drivers/policy_engine_driver.py,policies,L6 — Domain Driver,FULL,Policy Engine data access operations,AMBIGUOUS,LOW,policies,HIGH,YES,NO,phrase:policy evaluation; phrase:policy version; code:policy_; code:rule_; code:policyengine,V2 OVERRIDE: AMBIGUOUS -> policies
policies/L6_drivers/policy_graph_driver.py,policies,L6 — Data Access Driver,FULL,Policy graph data access operations,AMBIGUOUS,LOW,account,MEDIUM,YES,NO,phrase:tenant; code:tenant_,V2 OVERRIDE: AMBIGUOUS -> account; MISPLACED in policies
policies/L6_drivers/policy_limits_driver.py,policies,L6 — Domain Driver,FULL,Data access for policy limits CRUD operations,AMBIGUOUS,LOW,AMBIGUOUS,LOW,NO,YES,Close: account=6 vs controls=4,Needs manual review
policies/L6_drivers/policy_proposal_read_driver.py,policies,L6 — Data Access Driver,FULL,Read operations for policy proposal engine,policies,MEDIUM,policies,HIGH,NO,NO,phrase:policy proposal; phrase:policy rule; code:policy_; code:rule_; code:proposal_,V2 confidence: MEDIUM -> HIGH
policies/L6_drivers/policy_proposal_write_driver.py,policies,L6 — Data Access Driver,FULL,Write operations for policy proposal engine,policies,MEDIUM,policies,HIGH,NO,NO,phrase:policy proposal; phrase:policy rule; phrase:policy version; code:policy_; code:proposal_,V2 confidence: MEDIUM -> HIGH
policies/L6_drivers/policy_read_driver.py,policies,L6 — Domain Driver,FULL,Data access for customer policy read operations,AMBIGUOUS,LOW,controls,HIGH,YES,NO,phrase:killswitch; phrase:budget; code:killswitch,V2 OVERRIDE: AMBIGUOUS -> controls; MISPLACED in policies
policies/L6_drivers/policy_rules_driver.py,policies,L6 — Domain Driver,FULL,Data access for policy rules CRUD operations,policies,MEDIUM,policies,HIGH,NO,NO,phrase:policy rule; code:policy_; code:rule_,V2 confidence: MEDIUM -> HIGH
policies/L6_drivers/policy_rules_read_driver.py,policies,L6 — Data Access Driver,FULL,Read operations for policy rules,policies,MEDIUM,policies,HIGH,NO,NO,phrase:policy rule; code:policy_; code:rule_,V2 confidence: MEDIUM -> HIGH
policies/L6_drivers/proposals_read_driver.py,policies,L6 — Data Access Driver,FULL,Read operations for policy proposals (list view),policies,MEDIUM,policies,MEDIUM,NO,NO,phrase:policy proposal; code:proposal_,
policies/L6_drivers/recovery_matcher.py,policies,L6 — Domain Driver,FULL,Match failure patterns and generate recovery suggestions — L6 DOES NOT COMMIT,incidents,LOW,AMBIGUOUS,LOW,NO,YES,Close: general=5 vs apis=4,MISPLACED: currently in policies
policies/L6_drivers/recovery_write_driver.py,policies,L6 — Domain Driver,FULL,DB write driver for Recovery APIs (DB boundary crossing),apis,LOW,AMBIGUOUS,LOW,NO,YES,Close: apis=5 vs incidents=3,MISPLACED: currently in policies
policies/L6_drivers/scope_resolver.py,policies,L6 — Domain Driver,FULL,Resolve which policies apply to a given run context,AMBIGUOUS,LOW,AMBIGUOUS,LOW,NO,YES,Close: account=6 vs overview=5,Needs manual review
policies/L6_drivers/symbol_table.py,policies,L6 — Domain Driver,FULL,Policy symbol table management,policies,LOW,policies,MEDIUM,NO,NO,phrase:policy rule; code:policy_,V2 confidence: LOW -> MEDIUM
